		INCIDENT_KEY,OCCUR_DATE,BORO,Latitude,Longitude
		242373589,03/18/2022,BRONX,40.873134,-73.853117
		242833883,03/29/2022,BROOKLYN,40.659549,-73.907661
		250605937,09/02/2022,QUEENS,40.670787,-73.735005
		250216145,08/27/2022,BRONX,40.837683,-73.910994
		242393698,03/20/2022,BROOKLYN,40.693523,-73.932668
		250551052,09/02/2022,BROOKLYN,40.728417,-73.944962
		243630080,04/13/2022,MANHATTAN,40.795807,-73.937099
		251276894,09/18/2022,QUEENS,40.747153,-73.869859
		247542075,07/04/2022,QUEENS,40.6741545,-73.76839661
		251813842,09/29/2022,MANHATTAN,40.805388,-73.937736
		242047134,03/13/2022,BROOKLYN,40.658144,-73.882207
		247955994,07/13/2022,BROOKLYN,40.683413,-73.869267
		247665065,07/06/2022,BROOKLYN,40.679439,-73.95843
		242393706,03/20/2022,BROOKLYN,40.6713598203364,-73.8818110231735
		248540224,07/25/2022,BRONX,40.82321289,-73.89888654
		248145549,07/16/2022,BRONX,40.830633,-73.874876
		242379643,03/19/2022,QUEENS,40.7603961392658,-73.7675025349456
		245930131,06/01/2022,BRONX,40.847487,-73.89273
		246876577,06/19/2022,MANHATTAN,40.806981,-73.95155
		244970464,05/12/2022,QUEENS,40.689014,-73.811429
		243579417,04/13/2022,BROOKLYN,40.674757,-73.880961
		251103213,09/14/2022,BRONX,40.894872,-73.882173
		242158426,03/15/2022,BRONX,40.8229123084767,-73.8700413043181
		247100194,06/23/2022,MANHATTAN,40.800244,-73.940436
		250325740,08/29/2022,BROOKLYN,40.673044,-73.943244
		239347885,01/18/2022,BRONX,40.855734,-73.889823
		250605939,09/04/2022,BROOKLYN,40.638149,-73.936667
		250866805,09/10/2022,BRONX,40.869914,-73.879052
		239123818,01/13/2022,BRONX,40.886853,-73.862682
		247836776,07/10/2022,BRONX,40.90204439,-73.85155206
		247200777,06/24/2022,BROOKLYN,40.666074,-73.930421
		244219634,04/26/2022,MANHATTAN,40.861107,-73.926086
		240338259,02/09/2022,BROOKLYN,40.678387,-73.864063
		248783828,07/30/2022,BROOKLYN,40.657417,-73.890859
		238779470,01/06/2022,BRONX,40.850874,-73.892118
		249465754,08/11/2022,BRONX,40.865147,-73.892996
		247366022,06/30/2022,MANHATTAN,40.813343,-73.946995
		246212286,06/06/2022,MANHATTAN,40.82169684,-73.95291115
		242833882,03/29/2022,MANHATTAN,40.814706,-73.942277
		239695758,01/25/2022,BRONX,40.8441566000203,-73.9006054489734
		239993170,02/01/2022,MANHATTAN,40.789323,-73.946316
		248001907,07/13/2022,BRONX,40.822649,-73.867314
		246359109,06/08/2022,BRONX,40.812518,-73.924424
		242440054,03/21/2022,BRONX,40.826328,-73.901945
		250250607,08/27/2022,BRONX,40.852951,-73.903178
		243312639,04/10/2022,BROOKLYN,40.694243,-73.976018
		246884942,06/20/2022,MANHATTAN,40.8009303727402,-73.9410982410066
		240437684,02/10/2022,QUEENS,40.759443,-73.893651
		250969763,09/12/2022,BRONX,40.869352,-73.88206
		240254036,02/07/2022,BRONX,40.804487,-73.914084
		251247835,09/18/2022,BROOKLYN,40.66214,-73.92721
		247133911,06/24/2022,MANHATTAN,40.801003,-73.945161
		248205244,07/18/2022,BROOKLYN,40.6757902,-73.90267914
		243754490,04/15/2022,MANHATTAN,40.814259,-73.948183
		244794146,05/09/2022,BRONX,40.862797,-73.906854
		242393699,03/18/2022,BRONX,40.8222710411331,-73.911697780277
		247779492,07/08/2022,BRONX,40.822734,-73.919347
		239414903,01/19/2022,BRONX,40.8694704770483,-73.8798608037303
		239123816,01/13/2022,BROOKLYN,40.644458,-73.90854
		242377360,03/19/2022,BRONX,40.83596882,-73.86999268
		247492011,07/02/2022,QUEENS,40.699576,-73.82169
		245885843,05/31/2022,BRONX,40.819073,-73.900843
		241639364,03/05/2022,QUEENS,40.69932415739,-73.831570887672
		249196561,08/08/2022,BROOKLYN,40.68057,-73.952463
		247542074,07/04/2022,BRONX,40.865655,-73.891302
		239648526,01/25/2022,BRONX,40.868175,-73.846671
		243115069,04/04/2022,BRONX,40.861561,-73.898206
		250250607,08/27/2022,BRONX,40.852951,-73.903178
		251247836,09/18/2022,BROOKLYN,40.655237,-73.959779
		245491991,05/22/2022,BRONX,40.857706,-73.903197
		239222316,01/16/2022,MANHATTAN,40.845215,-73.933959
		249311091,08/09/2022,BRONX,40.815912,-73.907491
		244818448,05/09/2022,QUEENS,40.708721,-73.898228
		247407052,06/30/2022,BROOKLYN,40.67565,-73.949958
		248098729,07/15/2022,QUEENS,40.602186,-73.749101
		248785654,07/30/2022,BRONX,40.89544907,-73.88001135
		243566417,04/12/2022,BROOKLYN,40.6581577535544,-74.0004411548878
		241800375,03/08/2022,BROOKLYN,40.664685,-73.889183
		247821873,07/10/2022,BROOKLYN,40.58485539,-73.94987033
		240953546,02/19/2022,BRONX,40.845902,-73.892118
		241640928,03/04/2022,MANHATTAN,40.862087,-73.925057
		249133819,08/06/2022,MANHATTAN,40.825569,-73.947361
		245665380,05/25/2022,BROOKLYN,40.656574,-73.931405
		246106116,06/03/2022,BRONX,40.873322,-73.846473
		251756404,09/28/2022,BROOKLYN,40.66087512,-73.90945904
		241440065,03/01/2022,MANHATTAN,40.802083,-73.936999
		248668760,07/27/2022,BRONX,40.85403,-73.884044
		240379307,02/09/2022,BROOKLYN,40.70399,-73.939746
		247290297,06/28/2022,BRONX,40.84207,-73.87851
		243433246,04/10/2022,BRONX,40.858133,-73.864665
		243249053,04/08/2022,BRONX,40.823278,-73.909167
		247836775,07/10/2022,BRONX,40.84869307,-73.9032792
		248480012,07/23/2022,MANHATTAN,40.740256,-73.980633
		250170468,08/25/2022,QUEENS,40.706647,-73.754276
		241640926,03/05/2022,STATEN ISLAND,40.6231883776008,-74.1492376947323
		245764753,05/27/2022,BRONX,40.820946,-73.858016
		248157397,07/17/2022,BROOKLYN,40.638698,-73.946819
		238779471,01/06/2022,QUEENS,40.70178,-73.80657
		248205243,07/18/2022,BROOKLYN,40.70999,-73.953108
		249550473,08/13/2022,MANHATTAN,40.861111,-73.921379
		247465842,07/01/2022,MANHATTAN,40.829286,-73.948364
		247664544,07/06/2022,BROOKLYN,40.680919,-73.908645
		244726795,05/06/2022,BROOKLYN,40.656968,-73.90846
		251570399,09/24/2022,BRONX,40.861094,-73.900215
		244442194,05/01/2022,BRONX,40.83560091,-73.91379272
		242740110,03/27/2022,QUEENS,40.598139,-73.766898
		251681399,09/27/2022,QUEENS,40.686807,-73.853567
		239695455,01/25/2022,BROOKLYN,40.675554,-73.875431
		251391939,09/21/2022,STATEN ISLAND,40.612606,-74.083121
		247523460,07/04/2022,BROOKLYN,40.673053,-73.879107
		248336781,07/21/2022,BRONX,40.8535983673823,-73.9005768807295
		248893549,08/01/2022,QUEENS,40.596248,-73.797515
		247457587,07/01/2022,QUEENS,40.606656,-73.75615
		243113877,04/04/2022,BROOKLYN,40.695007,-73.978093
		245824160,05/28/2022,BROOKLYN,40.682139,-73.927407
		246769432,06/16/2022,BRONX,40.815187,-73.90641
		249379922,08/10/2022,MANHATTAN,40.798141,-73.970169
		250635399,09/05/2022,BRONX,40.80487193,-73.91499563
		247820057,07/10/2022,BROOKLYN,40.57200642,-73.98931656
		243770731,04/17/2022,MANHATTAN,40.721109,-73.987359
		244608249,05/05/2022,MANHATTAN,40.754692,-73.9935
		240547210,02/13/2022,MANHATTAN,40.802758,-73.9386
		249911899,08/21/2022,BROOKLYN,40.650921,-73.930294
		242439530,03/21/2022,BROOKLYN,40.701026,-73.928311
		243630078,04/13/2022,BRONX,40.86984,-73.84995
		249559965,08/13/2022,MANHATTAN,40.794443,-73.94258
		242671714,03/25/2022,BRONX,40.885533,-73.853323
		243312638,04/09/2022,BROOKLYN,40.666771,-73.923499
		245974535,06/02/2022,BROOKLYN,40.576947,-74.002691
		241326152,02/27/2022,MANHATTAN,40.815057,-73.935946
		245121730,05/16/2022,BROOKLYN,40.65479217,-73.88998401
		250109555,08/24/2022,BRONX,40.822734,-73.919347
		250249866,08/27/2022,BROOKLYN,40.572196,-73.994815
		241213161,02/24/2022,BRONX,40.901695,-73.846137
		245281702,05/18/2022,BRONX,40.81721463,-73.93094485
		242601447,03/24/2022,STATEN ISLAND,40.638095,-74.128978
		244154955,04/25/2022,QUEENS,40.672111,-73.847288
		246487637,06/10/2022,BROOKLYN,40.649656,-73.893382
		248844926,07/31/2022,QUEENS,40.610028,-73.753587
		247552398,07/05/2022,BRONX,40.8579039,-73.86467188
		239930939,01/31/2022,BRONX,40.834751,-73.927388
		247512550,07/03/2022,QUEENS,40.71659232,-73.74291823
		249379923,08/10/2022,QUEENS,40.70334171,-73.80020318
		239553161,01/22/2022,BRONX,40.816964,-73.888178
		247172991,06/25/2022,BROOKLYN,40.689129,-73.931787
		247259249,06/28/2022,BRONX,40.83557,-73.9088
		247837111,07/10/2022,BROOKLYN,40.648673,-73.892913
		248435789,07/23/2022,MANHATTAN,40.786582,-73.940798
		244817582,05/09/2022,BRONX,40.854055,-73.904783
		251865027,09/30/2022,BRONX,40.823965,-73.852337
		251216080,09/17/2022,BROOKLYN,40.634386,-73.941524
		244154955,04/25/2022,QUEENS,40.672111,-73.847288
		251583517,09/25/2022,BROOKLYN,40.679236,-73.886871
		243566417,04/12/2022,BROOKLYN,40.6581577535544,-74.0004411548878
		241729340,03/07/2022,BRONX,40.83017,-73.918527
		244088128,04/23/2022,MANHATTAN,40.801258,-73.955816
		247664546,07/06/2022,QUEENS,40.683474,-73.800346
		249465755,08/11/2022,BRONX,40.826047,-73.9182
		247943477,07/12/2022,BROOKLYN,40.664185,-73.926408
		238885819,01/09/2022,BRONX,40.830694,-73.922037
		240438094,02/10/2022,BROOKLYN,40.658126,-73.916026
		245234014,05/18/2022,BRONX,40.846165,-73.920148
		242603166,03/24/2022,BROOKLYN,40.60998,-73.985452
		239930941,01/31/2022,BROOKLYN,40.66221546,-73.93046373
		247592458,07/05/2022,BROOKLYN,40.699791,-73.983792
		250249866,08/27/2022,BROOKLYN,40.572196,-73.994815
		243738412,04/15/2022,BROOKLYN,40.684637,-73.974101
		239930940,01/31/2022,BROOKLYN,40.649363,-73.960873
		244002809,04/21/2022,BRONX,40.821812,-73.895871
		243648758,04/14/2022,BRONX,40.865376,-73.893201
		251813843,09/29/2022,BROOKLYN,40.693035,-73.928275
		245143413,05/16/2022,BROOKLYN,40.69,-73.943784
		242393701,03/20/2022,BRONX,40.821562,-73.918498
		248475917,07/23/2022,QUEENS,40.74930759,-73.86140607
		245171560,05/16/2022,MANHATTAN,40.81031855,-73.94362441
		249003408,08/03/2022,BROOKLYN,40.657248,-73.906582
		240031205,02/02/2022,BRONX,40.82529,-73.820693
		247542571,07/04/2022,BRONX,40.854402,-73.88233
		250280354,08/27/2022,BROOKLYN,40.692334,-73.906973
		246530273,06/12/2022,BRONX,40.832615,-73.883914
		243566884,04/12/2022,BRONX,40.86658962,-73.86832754
		250864171,09/09/2022,BROOKLYN,40.58037949,-73.96760006
		247895558,07/12/2022,BROOKLYN,40.69513,-73.973306
		248157448,07/17/2022,BRONX,40.833231,-73.890222
		243566420,04/12/2022,BROOKLYN,40.687776,-73.869864
		242440053,03/21/2022,BROOKLYN,40.57278637,-73.99596126
		244592751,05/04/2022,QUEENS,40.677651,-73.842883
		250280352,08/28/2022,BROOKLYN,40.633304,-73.92115
		241326152,02/27/2022,MANHATTAN,40.815057,-73.935946
		251714185,09/28/2022,BRONX,40.8559,-73.897694
		246109874,06/04/2022,MANHATTAN,40.809638,-73.942015
		245232405,05/17/2022,BROOKLYN,40.64976,-73.89716
		251103214,09/14/2022,BRONX,40.856703,-73.8919
		245025481,05/13/2022,BROOKLYN,40.698381,-73.94255
		250256692,08/28/2022,BROOKLYN,40.68441438,-73.86950574
		247099745,06/23/2022,BROOKLYN,40.680919,-73.908645
		248602153,07/26/2022,BROOKLYN,40.65549,-73.917952
		244062619,04/22/2022,BROOKLYN,40.656898,-73.88509
		249133821,08/06/2022,BRONX,40.83676,-73.903834
		248100044,07/15/2022,QUEENS,40.70730577,-73.75121376
		243251041,04/09/2022,BROOKLYN,40.656636,-73.892433
		242439532,03/21/2022,BROOKLYN,40.670563,-73.922425
		249967191,08/22/2022,BROOKLYN,40.676224,-74.006944
		246902221,06/20/2022,STATEN ISLAND,40.641509,-74.083128
		240953545,02/19/2022,BROOKLYN,40.7270006940205,-73.9529831112437
		243433248,04/10/2022,QUEENS,40.720763,-73.846429
		242999820,04/01/2022,QUEENS,40.661661,-73.733311
		246359111,06/08/2022,BRONX,40.806574,-73.922875
		245766300,05/28/2022,BROOKLYN,40.663374,-73.886664
		240212364,02/07/2022,BRONX,40.86141,-73.907384
		251756948,09/28/2022,BROOKLYN,40.668576,-73.926978
		251875354,09/30/2022,MANHATTAN,40.820368,-73.938143
		245104545,05/15/2022,BROOKLYN,40.664874,-73.878081
		239583448,01/23/2022,QUEENS,40.701477,-73.807904
		246824176,06/17/2022,BROOKLYN,40.65231392,-73.9560111
		251570401,09/24/2022,BROOKLYN,40.621252,-73.993693
		248157399,07/17/2022,BROOKLYN,40.6625545,-73.9089197
		242493912,03/22/2022,MANHATTAN,40.825831,-73.949027
		251665191,09/27/2022,BRONX,40.82338475,-73.91833943
		247501139,07/02/2022,MANHATTAN,40.712708,-73.989228
		249251348,08/03/2022,MANHATTAN,40.815975,-73.957291
		238779468,01/06/2022,MANHATTAN,40.826503,-73.948536
		239930939,01/31/2022,BRONX,40.834751,-73.927388
		250969310,09/12/2022,MANHATTAN,40.72178,-73.978978
		248377808,07/21/2022,BROOKLYN,40.675129,-73.948615
		246919436,06/20/2022,BRONX,40.83756964,-73.85445695
		247542079,07/04/2022,BRONX,40.819673,-73.90946
		251249966,09/17/2022,BRONX,40.848996,-73.88429
		246139915,06/05/2022,BROOKLYN,40.69644305,-73.92227067
		238779227,01/06/2022,BROOKLYN,40.66979689,-73.87056172
		251570397,09/25/2022,BRONX,40.80606683,-73.9090412
		244279285,04/27/2022,QUEENS,40.737162,-73.78493
		239123816,01/13/2022,BROOKLYN,40.644458,-73.90854
		244914824,05/11/2022,QUEENS,40.730142,-73.88781
		250503367,09/01/2022,BRONX,40.84542629,-73.84490874
		241292796,02/26/2022,QUEENS,40.685774,-73.864751
		239557377,01/21/2022,QUEENS,40.76279,-73.869339
		249016458,08/03/2022,BROOKLYN,40.680749,-73.953886
		247678274,07/07/2022,BROOKLYN,40.664861,-73.90419
		250619957,09/05/2022,BROOKLYN,40.66978732,-73.91658449
		242046760,03/13/2022,STATEN ISLAND,40.623977,-74.081548
		245824158,05/29/2022,BROOKLYN,40.664024,-73.909775
		248475873,07/24/2022,MANHATTAN,40.795754,-73.943715
		249908871,08/20/2022,MANHATTAN,40.831221,-73.935749
		251475266,09/22/2022,MANHATTAN,40.797621,-73.934223
		247524804,07/04/2022,BRONX,40.83675,-73.907078
		247457589,07/02/2022,BRONX,40.850173,-73.890418
		244788007,05/09/2022,MANHATTAN,40.829451,-73.937954
		248734126,07/28/2022,MANHATTAN,40.817242,-73.957162
		244442669,05/01/2022,MANHATTAN,40.796382,-73.964958
		238779226,01/06/2022,BRONX,40.81901529,-73.84802682
		242896774,03/31/2022,BRONX,40.859639,-73.862589
		241030310,02/21/2022,QUEENS,40.69362,-73.763686
		240031206,02/02/2022,BROOKLYN,40.680919,-73.908645
		248425572,07/22/2022,QUEENS,40.734681,-73.810626
		244858285,05/10/2022,BROOKLYN,40.651524,-73.883095
		242928614,03/31/2022,BROOKLYN,40.6488507469884,-73.951016510623
		241292797,02/26/2022,MANHATTAN,40.798252,-73.942864
		246158039,06/05/2022,BROOKLYN,40.669355,-73.924018
		242158427,03/15/2022,BRONX,40.877561,-73.872933
		250446594,08/31/2022,QUEENS,40.690628,-73.798669
		248264388,07/19/2022,MANHATTAN,40.806635,-73.936826
		249207672,08/08/2022,MANHATTAN,40.777638,-73.982369
		251626332,09/26/2022,BRONX,40.86994867,-73.9040365
		242373589,03/18/2022,BRONX,40.873134,-73.853117
		245690567,05/26/2022,BROOKLYN,40.696104,-73.952707
		251216079,09/16/2022,MANHATTAN,40.813196,-73.958257
		239583961,01/23/2022,STATEN ISLAND,40.625903,-74.07637
		242517445,03/16/2022,BRONX,40.848011,-73.884351
		247460145,07/02/2022,BROOKLYN,40.655711,-73.945257
		241326152,02/27/2022,MANHATTAN,40.815057,-73.935946
		248425566,07/22/2022,MANHATTAN,40.71867,-73.986245
		248322051,07/20/2022,BROOKLYN,40.57305383,-73.98078894
		245665381,05/25/2022,QUEENS,40.719917,-73.733314
		250901904,09/11/2022,BRONX,40.8445883,-73.90484654
		246212284,06/06/2022,QUEENS,40.682398279333,-73.8400721577516
		246884942,06/20/2022,MANHATTAN,40.8009303727402,-73.9410982410066
		246553894,06/13/2022,BRONX,40.820946,-73.866221
		248790264,07/30/2022,QUEENS,40.770156,-73.915127
		248540224,07/25/2022,BRONX,40.82321289,-73.89888654
		245491992,05/22/2022,MANHATTAN,40.71801843,-73.99995671
		243175385,04/06/2022,BRONX,40.885322,-73.834568
		248668759,07/27/2022,QUEENS,40.59107783,-73.79596994
		238930138,01/10/2022,QUEENS,40.757257,-73.831574
		251475265,09/22/2022,BRONX,40.876201,-73.907648
		249133817,08/05/2022,BROOKLYN,40.72848,-73.950365
		248001905,07/13/2022,QUEENS,40.68023592,-73.75083163
		248098729,07/15/2022,QUEENS,40.602186,-73.749101
		243433247,04/08/2022,BRONX,40.819542,-73.911486
		248322052,07/20/2022,BROOKLYN,40.66495266,-73.92287688
		239583959,01/23/2022,BROOKLYN,40.702228,-73.956039
		241284196,02/25/2022,BRONX,40.852571,-73.893695
		246876579,06/19/2022,BRONX,40.855644,-73.896141
		242373590,03/18/2022,BRONX,40.812515,-73.921193
		247501141,07/02/2022,BROOKLYN,40.701314,-73.981796
		244106023,04/23/2022,BRONX,40.8445883,-73.90484654
		240087931,02/03/2022,MANHATTAN,40.78845,-73.939372
		246985876,06/21/2022,STATEN ISLAND,40.63776,-74.076476
		247130898,06/24/2022,BRONX,40.843351,-73.884563
		250279879,08/28/2022,BROOKLYN,40.673916,-73.899768
		245418934,05/20/2022,BRONX,40.83118703,-73.91327809
		239993170,02/01/2022,MANHATTAN,40.789323,-73.946316
		245232406,05/17/2022,BROOKLYN,40.697394,-73.951286
		247100193,06/23/2022,BRONX,40.89844961,-73.85429832
		242375568,03/19/2022,QUEENS,40.6901,-73.825477
		246550685,06/13/2022,QUEENS,40.688883,-73.817347
		245029823,05/14/2022,BRONX,40.84686352,-73.90141321
		251681398,09/27/2022,MANHATTAN,40.809573,-73.949746
		244513744,05/03/2022,BRONX,40.853645,-73.906891
		244817583,05/09/2022,BRONX,40.858666,-73.868198
		242289684,03/18/2022,MANHATTAN,40.756161,-73.971561
		244102489,04/24/2022,MANHATTAN,40.80985,-73.937644
		250250607,08/27/2022,BRONX,40.852951,-73.903178
		239207163,01/15/2022,BROOKLYN,40.678692,-73.888581
		246769430,06/16/2022,BROOKLYN,40.656595,-73.874123
		245106711,05/15/2022,BRONX,40.819019,-73.898391
		239306188,01/18/2022,BROOKLYN,40.7270006940205,-73.9529831112437
		243767592,04/16/2022,QUEENS,40.683967,-73.782834
		241439425,03/01/2022,BRONX,40.822526,-73.906095
		240953544,02/19/2022,BROOKLYN,40.585767,-73.953434
		246768857,06/16/2022,MANHATTAN,40.822599,-73.944344
		250675020,09/06/2022,QUEENS,40.673228,-73.789452
		245857700,05/30/2022,QUEENS,40.69125,-73.867634
		241326153,02/27/2022,BRONX,40.819383,-73.845297
		247664545,07/06/2022,QUEENS,40.68409241,-73.80168507
		240587844,02/14/2022,MANHATTAN,40.829988,-73.936675
		250605938,09/04/2022,BROOKLYN,40.663876,-73.996114
		239279570,01/17/2022,BROOKLYN,40.6894642952604,-73.9240290899499
		244106023,04/23/2022,BRONX,40.8445883,-73.90484654
		239648527,01/25/2022,BROOKLYN,40.654153,-73.911632
		249133818,08/05/2022,BROOKLYN,40.648673,-73.892913
		239237446,01/16/2022,BROOKLYN,40.643321,-74.010383
		249072669,08/04/2022,BROOKLYN,40.670423,-73.919836
		244818448,05/09/2022,QUEENS,40.708721,-73.898228
		245066580,05/14/2022,BRONX,40.831854,-73.857076
		241800940,03/08/2022,MANHATTAN,40.7426636084461,-73.9980491084798
		248893549,08/01/2022,QUEENS,40.596248,-73.797515
		248783827,07/30/2022,BROOKLYN,40.68061,-73.9113
		241640928,03/04/2022,MANHATTAN,40.862087,-73.925057
		241284197,02/25/2022,BRONX,40.867268,-73.869203
		241370055,02/28/2022,BROOKLYN,40.6894642952604,-73.9240290899499
		242381225,03/19/2022,BROOKLYN,40.690496,-73.959003
		246138579,06/04/2022,STATEN ISLAND,40.61547,-74.081663
		250682059,09/06/2022,BRONX,40.814715,-73.924507
		250503798,09/01/2022,MANHATTAN,40.726817,-73.975988
		239757707,01/26/2022,BRONX,40.858387,-73.900566
		249519377,08/13/2022,BROOKLYN,40.67133,-73.936447
		245471214,05/21/2022,BRONX,40.864717,-73.890683
		244660702,05/05/2022,BRONX,40.816458,-73.907805
		250752755,09/07/2022,BROOKLYN,40.69613097,-73.98710407
		248172023,07/18/2022,BRONX,40.834758,-73.864483
		243754489,04/16/2022,BROOKLYN,40.68656,-73.869578
		251315304,09/19/2022,BROOKLYN,40.700985,-73.943733
		242379644,03/19/2022,BROOKLYN,40.648249,-73.91234
		239554469,01/21/2022,BRONX,40.806901,-73.884017
		242092034,03/14/2022,QUEENS,40.75053011,-73.87687613
		250170468,08/25/2022,QUEENS,40.706647,-73.754276
		245173597,05/16/2022,BRONX,40.822374,-73.896369
		242603164,03/24/2022,BRONX,40.831854,-73.857076
		247492011,07/02/2022,QUEENS,40.699576,-73.82169
		247349977,06/29/2022,MANHATTAN,40.784854,-73.950625
		248145612,07/15/2022,QUEENS,40.59305673,-73.77531756
		249559966,08/13/2022,BROOKLYN,40.596387,-73.936778
		250181106,08/26/2022,BROOKLYN,40.686458,-73.938732
		251705171,09/28/2022,BRONX,40.890927,-73.849571
		247600083,07/05/2022,MANHATTAN,40.711437,-73.981969
		242370282,03/18/2022,QUEENS,40.70484741,-73.80111117
		249687931,08/16/2022,BROOKLYN,40.61969645,-73.91484963
		251531356,09/24/2022,BRONX,40.880998,-73.864255
		246876579,06/19/2022,BRONX,40.855644,-73.896141
		250901905,09/11/2022,BRONX,40.836529,-73.846997
		250865344,09/10/2022,STATEN ISLAND,40.640047,-74.086119
		247416062,07/01/2022,QUEENS,40.664073,-73.734273
		248845355,07/31/2022,QUEENS,40.59734648,-73.77094961
		246050355,06/02/2022,BRONX,40.836698,-73.863356
		251665190,09/27/2022,BRONX,40.821729,-73.892866
		251418680,09/21/2022,MANHATTAN,40.820171,-73.953165
		247550280,07/05/2022,BRONX,40.826103,-73.904607
		251756947,09/28/2022,BRONX,40.827391,-73.85156
		246359110,06/08/2022,BRONX,40.859328,-73.902206
		247200778,06/26/2022,BRONX,40.827787,-73.899001
		251583517,09/25/2022,BROOKLYN,40.679236,-73.886871
		239639190,01/25/2022,BROOKLYN,40.647321,-73.896997
		241930891,03/10/2022,BROOKLYN,40.657049,-73.917709
		240529312,02/12/2022,BRONX,40.866279,-73.886199
		241440065,03/01/2022,MANHATTAN,40.802083,-73.936999
		242375567,03/18/2022,BRONX,40.840845,-73.925153
		248734125,07/28/2022,BROOKLYN,40.682165,-73.905259
		244279285,04/27/2022,QUEENS,40.737162,-73.78493
		244914822,05/11/2022,BRONX,40.817348,-73.90933
		251568719,09/24/2022,BROOKLYN,40.690991,-73.93515
		246107794,06/03/2022,BRONX,40.831263,-73.921453
		238531161,01/01/2022,MANHATTAN,40.872526,-73.912484
		245539703,05/23/2022,MANHATTAN,40.81591307653,-73.9451493066481
		247151913,06/24/2022,BROOKLYN,40.66415444,-73.91960851
		245106712,05/15/2022,MANHATTAN,40.7206733,-73.97823191
		238592807,01/03/2022,QUEENS,40.721169,-73.837661
		250216145,08/27/2022,BRONX,40.837683,-73.910994
		243788459,04/17/2022,QUEENS,40.696171,-73.794633
		244011694,04/05/2022,BROOKLYN,40.655532,-73.884096
		243312639,04/10/2022,BROOKLYN,40.694243,-73.976018
		238531159,01/01/2022,MANHATTAN,40.848427,-73.931611
		247542075,07/04/2022,QUEENS,40.6741545,-73.76839661
		244279284,04/27/2022,STATEN ISLAND,40.606321,-74.065039
		242092031,03/14/2022,BROOKLYN,40.671245,-73.926713
		250325739,08/29/2022,MANHATTAN,40.864128,-73.919179
		242439533,03/21/2022,BROOKLYN,40.6486135510607,-73.9052572032302
		248002506,07/13/2022,MANHATTAN,40.84812006,-73.93088385
		247552395,07/05/2022,BROOKLYN,40.673971,-73.872735
		239583449,01/23/2022,MANHATTAN,40.71299,-73.985992
		244442670,04/30/2022,QUEENS,40.72761934,-73.84687505
		247725966,07/07/2022,BROOKLYN,40.69614063,-73.97833369
		244279285,04/27/2022,QUEENS,40.737162,-73.78493
		244970464,05/12/2022,QUEENS,40.689014,-73.811429
		240087930,02/03/2022,BRONX,40.820316,-73.862722
		248893550,08/01/2022,QUEENS,40.682373,-73.821758
		244169758,04/26/2022,BRONX,40.8222710411331,-73.911697780277
		238853874,01/07/2022,BRONX,40.847905,-73.90999
		243630081,04/13/2022,QUEENS,40.69932415739,-73.831570887672
		247457588,07/02/2022,STATEN ISLAND,40.644696,-74.097213
		238930137,01/10/2022,BRONX,40.809103,-73.925
		239993409,02/01/2022,MANHATTAN,40.809573,-73.949746
		244685093,05/06/2022,QUEENS,40.775981,-73.91048
		243566423,04/12/2022,BRONX,40.845658,-73.883806
		247780855,07/08/2022,BROOKLYN,40.708791,-73.935773
		249921922,08/19/2022,BRONX,40.818355,-73.907057
		249922397,08/21/2022,BROOKLYN,40.67431365,-73.95008068
		248157399,07/17/2022,BROOKLYN,40.6625545,-73.9089197
		243888583,04/19/2022,MANHATTAN,40.830535,-73.947455
		248435789,07/23/2022,MANHATTAN,40.786582,-73.940798
		241729338,03/07/2022,BROOKLYN,40.6711300016904,-73.9135020552048
		248145614,07/17/2022,BROOKLYN,40.65352238,-73.91014296
		249233455,08/08/2022,QUEENS,40.680068,-73.791101
		239861542,01/28/2022,BRONX,40.837102,-73.847134
		242784290,03/28/2022,MANHATTAN,40.717629,-73.99826
		244590017,05/04/2022,BRONX,40.83706523,-73.88682041
		240254036,02/07/2022,BRONX,40.804487,-73.914084
		244608249,05/05/2022,MANHATTAN,40.754692,-73.9935
		249940122,08/22/2022,MANHATTAN,40.819261,-73.951972
		251254154,09/18/2022,QUEENS,40.7596334,-73.90147013
		245384614,05/16/2022,BRONX,40.875687,-73.801857
		241344342,02/28/2022,MANHATTAN,40.865582,-73.92219
		250897908,09/10/2022,BROOKLYN,40.67271591,-73.89031495
		247501142,07/03/2022,BRONX,40.843031,-73.917122
		249864777,08/19/2022,BRONX,40.826741,-73.908513
		247678274,07/07/2022,BROOKLYN,40.664861,-73.90419
		242268293,03/17/2022,BROOKLYN,40.687724,-73.937489
		243251039,04/09/2022,MANHATTAN,40.81591307653,-73.9451493066481
		245820991,05/28/2022,MANHATTAN,40.764711,-73.989914
		241326152,02/27/2022,MANHATTAN,40.815057,-73.935946
		248233350,07/19/2022,BROOKLYN,40.72664,-73.943721
		250252452,08/27/2022,BRONX,40.87582907,-73.85093078
		239521789,01/21/2022,MANHATTAN,40.814706,-73.942277
		246824177,06/17/2022,BROOKLYN,40.659508,-73.930198
		244106023,04/23/2022,BRONX,40.8445883,-73.90484654
		245471212,05/21/2022,BRONX,40.860077,-73.893629
		247463652,07/02/2022,BRONX,40.889374,-73.912958
		246840466,06/18/2022,BRONX,40.841057,-73.917095
		244818447,05/09/2022,STATEN ISLAND,40.62744,-74.076949
		239629840,01/24/2022,BRONX,40.810401,-73.884923
		239930944,01/31/2022,BROOKLYN,40.664092,-73.943389
		247044938,06/22/2022,BRONX,40.846588,-73.895768
		247512550,07/03/2022,QUEENS,40.71659232,-73.74291823
		245171561,05/16/2022,BROOKLYN,40.574818,-73.990926
		239214374,01/16/2022,STATEN ISLAND,40.635216,-74.106642
		249401916,08/10/2022,MANHATTAN,40.79987,-73.935634
		246312313,06/08/2022,MANHATTAN,40.788824,-73.951937
		239206940,01/14/2022,BRONX,40.843537,-73.911821
		248540225,07/25/2022,BROOKLYN,40.674877,-73.999506
		251579032,09/25/2022,MANHATTAN,40.722079,-73.988194
		243143527,04/05/2022,QUEENS,40.592103,-73.787749
		249311091,08/09/2022,BRONX,40.815912,-73.907491
		247492009,07/02/2022,BRONX,40.843341,-73.92375
		251681399,09/27/2022,QUEENS,40.686807,-73.853567
		247172991,06/25/2022,BROOKLYN,40.689129,-73.931787
		243300894,04/09/2022,BRONX,40.826163,-73.91683
		251578919,09/25/2022,BRONX,40.844251,-73.881062
		245603728,05/24/2022,BRONX,40.854793,-73.89215
		250256381,08/27/2022,BROOKLYN,40.675608,-73.926656
		247880310,07/11/2022,BRONX,40.84218285,-73.8801255
		243566418,04/12/2022,BROOKLYN,40.686388,-73.949096
		248602150,07/26/2022,BRONX,40.875237,-73.851061
		240529312,02/12/2022,BRONX,40.866279,-73.886199
		247492011,07/02/2022,QUEENS,40.699576,-73.82169
		248013313,07/14/2022,BROOKLYN,40.676508,-73.93596
		251216080,09/17/2022,BROOKLYN,40.634386,-73.941524
		247943479,07/12/2022,BROOKLYN,40.598356,-73.940984
		246884942,06/20/2022,MANHATTAN,40.8009303727402,-73.9410982410066
		242381224,03/19/2022,QUEENS,40.75629,-73.878395
		240254035,02/07/2022,BRONX,40.867644,-73.907306
		245820994,05/29/2022,BROOKLYN,40.670463,-73.936529
		243175384,04/06/2022,BRONX,40.8103518634571,-73.924942325642
		243956943,04/21/2022,BRONX,40.820743,-73.848431
		243878193,04/19/2022,BRONX,40.841127,-73.914824
		247664546,07/06/2022,QUEENS,40.683474,-73.800346
		248844927,07/31/2022,QUEENS,40.756266,-73.945013
		243507201,04/11/2022,BRONX,40.842059,-73.91782
		240437684,02/10/2022,QUEENS,40.759443,-73.893651
		245824158,05/29/2022,BROOKLYN,40.664024,-73.909775
		248109545,07/16/2022,BRONX,40.874743,-73.849272
		242882171,03/30/2022,MANHATTAN,40.78845,-73.939372
		246530276,06/12/2022,MANHATTAN,40.79763944,-73.93126854
		250249866,08/27/2022,BROOKLYN,40.572196,-73.994815
		243254969,04/09/2022,QUEENS,40.586037,-73.813046
		239197225,01/14/2022,MANHATTAN,40.719467,-73.975034
		242382896,03/19/2022,QUEENS,40.709501,-73.767502
		244513744,05/03/2022,BRONX,40.853645,-73.906891
		244335706,04/28/2022,QUEENS,40.681071,-73.788718
		251309857,09/19/2022,BRONX,40.81308,-73.888027
		243688494,04/14/2022,BROOKLYN,40.649363,-73.960873
		248103174,07/16/2022,STATEN ISLAND,40.516572,-74.196874
		244726795,05/06/2022,BROOKLYN,40.656968,-73.90846
		241506489,03/02/2022,MANHATTAN,40.865582,-73.92219
		248844926,07/31/2022,QUEENS,40.610028,-73.753587
		243648758,04/14/2022,BRONX,40.865376,-73.893201
		251315305,09/19/2022,BRONX,40.868443,-73.844262
		249864779,08/19/2022,BROOKLYN,40.670198,-73.92394
		247542076,07/04/2022,BRONX,40.805251,-73.923716
		240437681,02/10/2022,BRONX,40.865091,-73.900492
		247524803,07/04/2022,MANHATTAN,40.793944,-73.949261
		246509710,06/12/2022,STATEN ISLAND,40.63602442,-74.13477006
		240396819,02/10/2022,BROOKLYN,40.6403,-73.956676
		242949751,04/01/2022,BRONX,40.814178,-73.898436
		239521789,01/21/2022,MANHATTAN,40.814706,-73.942277
		248157448,07/17/2022,BRONX,40.833231,-73.890222
		251247837,09/17/2022,BRONX,40.862614,-73.900682
		246212282,06/06/2022,BROOKLYN,40.658109,-73.946302
		247542571,07/04/2022,BRONX,40.854402,-73.88233
		241326152,02/27/2022,MANHATTAN,40.815057,-73.935946
		244169757,04/26/2022,BRONX,40.812515,-73.921193
		245439464,05/21/2022,BRONX,40.837154,-73.846243
		243566883,04/12/2022,BRONX,40.872153,-73.866141
		249910518,08/21/2022,BROOKLYN,40.655915,-73.904336
		242723695,03/26/2022,BRONX,40.837057,-73.903667
		247664545,07/06/2022,QUEENS,40.68409241,-73.80168507
		245824161,05/29/2022,BROOKLYN,40.651036,-73.945238
		249132382,08/05/2022,BRONX,40.841322,-73.843099
		240638146,02/15/2022,MANHATTAN,40.83817,-73.944939
		248534026,07/25/2022,BRONX,40.833928,-73.929797
		240447004,02/11/2022,QUEENS,40.775158,-73.93478
		251475263,09/22/2022,MANHATTAN,40.807401,-73.941544
		245603728,05/24/2022,BRONX,40.854793,-73.89215
		250605938,09/04/2022,BROOKLYN,40.663876,-73.996114
		245764484,05/27/2022,BROOKLYN,40.673764,-73.923607
		241918253,03/10/2022,BRONX,40.867575,-73.881855
		251315306,09/19/2022,BRONX,40.871477,-73.877161
		245857702,05/30/2022,QUEENS,40.69128245,-73.79779446
		250864172,09/09/2022,BRONX,40.858757,-73.864651
		246212787,06/06/2022,MANHATTAN,40.8013326,-73.9501877
		238853877,01/07/2022,BROOKLYN,40.657037,-73.915572
		240437682,02/10/2022,BRONX,40.8518,-73.904896
		241681628,03/06/2022,BROOKLYN,40.591432,-73.981799
		248602151,07/26/2022,BROOKLYN,40.658265,-73.950371
		245171560,05/16/2022,MANHATTAN,40.81031855,-73.94362441
		242393701,03/20/2022,BRONX,40.821562,-73.918498
		245121731,05/16/2022,QUEENS,40.699831,-73.900862
		251277230,09/18/2022,MANHATTAN,40.797475,-73.938898
		242926789,03/31/2022,BRONX,40.83197375,-73.92348912
		251813843,09/29/2022,BROOKLYN,40.693035,-73.928275
		246416610,06/09/2022,MANHATTAN,40.85248768,-73.92769474
		246139915,06/05/2022,BROOKLYN,40.69644305,-73.92227067
		244442192,05/01/2022,QUEENS,40.732054,-73.813346
		240031205,02/02/2022,BRONX,40.82529,-73.820693
		242158427,03/15/2022,BRONX,40.877561,-73.872933
		249940123,08/22/2022,BROOKLYN,40.661934,-73.921029
		246919437,06/20/2022,MANHATTAN,40.811123,-73.936714
		239861893,01/29/2022,MANHATTAN,40.763784,-73.997415
		248893548,08/01/2022,BROOKLYN,40.679914,-73.940768
		249207672,08/08/2022,MANHATTAN,40.777638,-73.982369
		251851336,09/30/2022,BROOKLYN,40.658571,-73.90887
		251568720,09/25/2022,QUEENS,40.7428752,-73.93393779
		241326152,02/27/2022,MANHATTAN,40.815057,-73.935946
		243566417,04/12/2022,BROOKLYN,40.6581577535544,-74.0004411548878
		242440053,03/21/2022,BROOKLYN,40.57278637,-73.99596126
		246919966,06/20/2022,QUEENS,40.688372,-73.727478
		248322051,07/20/2022,BROOKLYN,40.57305383,-73.98078894
		244106023,04/23/2022,BRONX,40.8445883,-73.90484654
		246884942,06/20/2022,MANHATTAN,40.8009303727402,-73.9410982410066
		240547210,02/13/2022,MANHATTAN,40.802758,-73.9386
		251583516,09/25/2022,BROOKLYN,40.704425,-73.917927
		247837112,07/10/2022,MANHATTAN,40.760042,-73.991458
		240438094,02/10/2022,BROOKLYN,40.658126,-73.916026
		246769431,06/16/2022,BROOKLYN,40.694256,-73.932807
		243312638,04/09/2022,BROOKLYN,40.666771,-73.923499
		245121729,05/16/2022,MANHATTAN,40.711331,-73.992223
		246902221,06/20/2022,STATEN ISLAND,40.641509,-74.083128
		245084503,05/15/2022,QUEENS,40.663103,-73.740969
		247820057,07/10/2022,BROOKLYN,40.57200642,-73.98931656
		243566419,04/12/2022,BRONX,40.833381,-73.917153
		239475297,01/20/2022,STATEN ISLAND,40.585939,-74.159871
		250252452,08/27/2022,BRONX,40.87582907,-73.85093078
		247407053,06/30/2022,BROOKLYN,40.644339,-73.879059
		244279288,04/27/2022,BROOKLYN,40.685718,-73.878116
		246769431,06/16/2022,BROOKLYN,40.694256,-73.932807
		243566884,04/12/2022,BRONX,40.86658962,-73.86832754
		241156324,02/23/2022,QUEENS,40.595862,-73.781894
		251247838,09/17/2022,BRONX,40.821903,-73.903466
		242928614,03/31/2022,BROOKLYN,40.6488507469884,-73.951016510623
		238779228,01/06/2022,BRONX,40.846395,-73.880767
		250250607,08/27/2022,BRONX,40.852951,-73.903178
		250635400,09/05/2022,BROOKLYN,40.59742,-73.938412
		239214373,01/16/2022,BROOKLYN,40.700503,-73.94154
		248067132,07/15/2022,BROOKLYN,40.64596,-73.950029
		248264388,07/19/2022,MANHATTAN,40.806635,-73.936826
		245106711,05/15/2022,BRONX,40.819019,-73.898391
		240175309,02/05/2022,BROOKLYN,40.614521,-73.927925
		247816615,07/10/2022,BRONX,40.811106,-73.925518
		243566423,04/12/2022,BRONX,40.845658,-73.883806
		250922918,09/11/2022,QUEENS,40.748879,-73.872107
		245665380,05/25/2022,BROOKLYN,40.656574,-73.931405
		241681117,03/06/2022,BROOKLYN,40.617425,-73.931167
		242493912,03/22/2022,MANHATTAN,40.825831,-73.949027
		249133820,08/05/2022,BRONX,40.855228,-73.881138
		246103137,06/03/2022,QUEENS,40.754926,-73.910388
		243566417,04/12/2022,BROOKLYN,40.6581577535544,-74.0004411548878
		246509711,06/11/2022,BROOKLYN,40.677488,-73.882583
		249465276,08/11/2022,BRONX,40.812684,-73.904324
		248668760,07/27/2022,BRONX,40.85403,-73.884044
		238885819,01/09/2022,BRONX,40.830694,-73.922037
		245730248,05/27/2022,BROOKLYN,40.67933379,-73.97532148
		250551052,09/02/2022,BROOKLYN,40.728417,-73.944962
		247099745,06/23/2022,BROOKLYN,40.680919,-73.908645
		247492011,07/02/2022,QUEENS,40.699576,-73.82169
		242393285,03/18/2022,BRONX,40.877843,-73.864288
		244553804,05/04/2022,BROOKLYN,40.671245,-73.926713
		249589016,08/15/2022,BROOKLYN,40.69521717,-73.93748302
		248532181,07/25/2022,BRONX,40.827787,-73.899001
		241370055,02/28/2022,BROOKLYN,40.6894642952604,-73.9240290899499
		246359110,06/08/2022,BRONX,40.859328,-73.902206
		242021870,03/13/2022,BROOKLYN,40.680648,-73.882442
		247099746,06/23/2022,BRONX,40.853262,-73.886841
		250903788,09/11/2022,BROOKLYN,40.654153,-73.911632
		244969020,05/12/2022,BRONX,40.875161,-73.909056
		242393704,03/20/2022,BROOKLYN,40.672382,-73.892576
		247552399,07/05/2022,QUEENS,40.710631,-73.800093
		249578389,08/13/2022,BRONX,40.867453,-73.886576
		250619956,09/05/2022,BROOKLYN,40.656517,-73.91636
		251103213,09/14/2022,BRONX,40.894872,-73.882173
		247725967,07/07/2022,BROOKLYN,40.639779,-73.951792
		239347884,01/18/2022,MANHATTAN,40.796382,-73.964958
		248205289,07/18/2022,BROOKLYN,40.70399,-73.939746
		245029823,05/14/2022,BRONX,40.84686352,-73.90141321
		247456089,07/01/2022,MANHATTAN,40.8263,-73.943208
		247542571,07/04/2022,BRONX,40.854402,-73.88233
		246919437,06/20/2022,MANHATTAN,40.811123,-73.936714
		248104662,07/15/2022,STATEN ISLAND,40.614774,-74.083046
		244062618,04/22/2022,BROOKLYN,40.663374,-73.886664
		241800940,03/08/2022,MANHATTAN,40.7426636084461,-73.9980491084798
		249908870,08/20/2022,MANHATTAN,40.821199,-73.944854
		244279286,04/27/2022,BROOKLYN,40.673233,-73.904374
		246768855,06/16/2022,BRONX,40.809298,-73.925449
		250100945,08/24/2022,MANHATTAN,40.813585,-73.949347
		245885842,05/31/2022,BROOKLYN,40.684302,-73.869901
		239811193,01/27/2022,MANHATTAN,40.81698,-73.953637
		244279285,04/27/2022,QUEENS,40.737162,-73.78493
		244660701,05/05/2022,BROOKLYN,40.697196,-73.935615
		247552396,07/05/2022,BROOKLYN,40.681365,-73.921073
		248790264,07/30/2022,QUEENS,40.770156,-73.915127
		239123817,01/13/2022,MANHATTAN,40.849343,-73.935934
		246162767,06/04/2022,BROOKLYN,40.68016244,-73.893187
		244095297,04/23/2022,QUEENS,40.69648,-73.900186
		239254469,01/17/2022,BROOKLYN,40.680672,-73.9271
		247165481,06/25/2022,BROOKLYN,40.672084,-73.950293
		238719218,01/05/2022,BROOKLYN,40.682446,-73.90965
		249910519,08/21/2022,BRONX,40.82042,-73.893884
		248844925,07/31/2022,BROOKLYN,40.574062,-73.9962
		245690567,05/26/2022,BROOKLYN,40.696104,-73.952707
		242371714,03/18/2022,MANHATTAN,40.816288,-73.942983
		243251040,04/09/2022,BROOKLYN,40.676019,-73.948531
		238555660,01/02/2022,BRONX,40.88955,-73.84768
		241640927,03/04/2022,QUEENS,40.696171,-73.794633
		249978886,08/23/2022,BROOKLYN,40.63329,-73.9058
		248475873,07/24/2022,MANHATTAN,40.795754,-73.943715
		248824219,07/30/2022,BROOKLYN,40.685957,-73.873848
		244590016,05/04/2022,STATEN ISLAND,40.638977,-74.171252
		248170576,07/18/2022,QUEENS,40.6027762300781,-73.7501173648331
		251253187,09/18/2022,MANHATTAN,40.79970085,-73.96996382
		244590017,05/04/2022,BRONX,40.83706523,-73.88682041
		250752756,09/07/2022,BROOKLYN,40.672789,-73.88094
		245539703,05/23/2022,MANHATTAN,40.81591307653,-73.9451493066481
		247200775,06/25/2022,BROOKLYN,40.66742594,-73.90823176
		250583386,09/03/2022,BROOKLYN,40.664665,-73.923314
		246884942,06/20/2022,MANHATTAN,40.8009303727402,-73.9410982410066
		241569061,03/03/2022,QUEENS,40.69629,-73.744088
		243767593,04/16/2022,BRONX,40.835933,-73.886463
		244093893,04/24/2022,QUEENS,40.712389,-73.784907
		238561496,01/03/2022,BROOKLYN,40.662315,-73.938653
		243861857,04/19/2022,BRONX,40.8514,-73.885083
		242158428,03/15/2022,BRONX,40.825285,-73.917538
		248013315,07/14/2022,BROOKLYN,40.661509,-73.910577
		243828713,04/18/2022,BRONX,40.865419,-73.867865
		249961225,08/22/2022,QUEENS,40.749984,-73.872038
		246104594,06/03/2022,BRONX,40.806231,-73.918204
		243433247,04/08/2022,BRONX,40.819542,-73.911486
		240544083,02/11/2022,BROOKLYN,40.669828,-73.914691
		246999028,06/22/2022,BRONX,40.820006,-73.886973
		239695456,01/25/2022,BRONX,40.857424,-73.846572
		249745558,08/17/2022,BROOKLYN,40.683268,-73.930624
		249502219,08/12/2022,BROOKLYN,40.658571,-73.90887
		243143527,04/05/2022,QUEENS,40.592103,-73.787749
		244608249,05/05/2022,MANHATTAN,40.754692,-73.9935
		246312313,06/08/2022,MANHATTAN,40.788824,-73.951937
		246876573,06/19/2022,BROOKLYN,40.63801,-73.898489
		246824178,06/18/2022,BROOKLYN,40.591112,-73.978279
		240542921,02/13/2022,QUEENS,40.748344,-73.87717
		246889855,06/20/2022,BRONX,40.852012,-73.907209
		249016830,08/03/2022,QUEENS,40.773785,-73.936279
		245234013,05/17/2022,BROOKLYN,40.669258,-73.864194
		240529312,02/12/2022,BRONX,40.866279,-73.886199
		239198695,01/15/2022,BROOKLYN,40.687285,-73.91817
		245665380,05/25/2022,BROOKLYN,40.656574,-73.931405
		251583517,09/25/2022,BROOKLYN,40.679236,-73.886871
		251216080,09/17/2022,BROOKLYN,40.634386,-73.941524
		246109874,06/04/2022,MANHATTAN,40.809638,-73.942015
		241880795,03/10/2022,BRONX,40.888763,-73.858246
		244219635,04/26/2022,BRONX,40.842143,-73.885374
		245121729,05/16/2022,MANHATTAN,40.711331,-73.992223
		248955331,08/02/2022,BRONX,40.82997989,-73.91398791
		250218569,08/26/2022,BRONX,40.840051,-73.913741
		244847624,05/10/2022,BRONX,40.84149605,-73.92484792
		248853426,08/01/2022,BROOKLYN,40.667621,-73.896254
		240438094,02/10/2022,BROOKLYN,40.658126,-73.916026
		250552264,09/02/2022,BRONX,40.859165,-73.909409
		248208486,07/19/2022,BROOKLYN,40.69718,-73.921547
		242928612,03/31/2022,MANHATTAN,40.804711,-73.937173
		247665067,07/06/2022,QUEENS,40.676998,-73.790807
		245492457,05/22/2022,BROOKLYN,40.635786,-73.93739
		246768857,06/16/2022,MANHATTAN,40.822599,-73.944344
		247542077,07/04/2022,MANHATTAN,40.724401,-73.999856
		248157398,07/17/2022,STATEN ISLAND,40.635216,-74.106642
		250446593,08/31/2022,BRONX,40.806195,-73.916003
		246876578,06/19/2022,BRONX,40.846633,-73.919041
		250249866,08/27/2022,BROOKLYN,40.572196,-73.994815
		248501024,07/25/2022,QUEENS,40.768139,-73.910433
		246876575,06/19/2022,QUEENS,40.672544,-73.843226
		242092032,03/14/2022,BROOKLYN,40.681992,-73.948221
		250280352,08/28/2022,BROOKLYN,40.633304,-73.92115
		247207592,06/27/2022,BRONX,40.822248,-73.920102
		245106711,05/15/2022,BRONX,40.819019,-73.898391
		244088129,04/23/2022,MANHATTAN,40.804711,-73.937173
		247172423,06/26/2022,BROOKLYN,40.681573,-73.922486
		243835366,04/18/2022,BROOKLYN,40.637427,-73.897225
		249193492,08/07/2022,QUEENS,40.65572597,-73.75129439
		242393705,03/20/2022,BRONX,40.839953,-73.8765
		248824221,07/31/2022,QUEENS,40.59512615,-73.75125004
		240761584,02/16/2022,QUEENS,40.702907,-73.800061
		249027657,08/04/2022,BROOKLYN,40.69668853,-73.93779178
		250752757,09/07/2022,BROOKLYN,40.660535,-73.893173
		242440055,03/21/2022,QUEENS,40.755434,-73.943421
		251681399,09/27/2022,QUEENS,40.686807,-73.853567
		240175310,02/05/2022,MANHATTAN,40.817242,-73.957162
		251475264,09/22/2022,BROOKLYN,40.676224,-74.006944
		250901905,09/11/2022,BRONX,40.836529,-73.846997
		247241785,06/27/2022,BRONX,40.833452,-73.908964
		242377361,03/19/2022,QUEENS,40.755607,-73.884903
		245860411,05/31/2022,BROOKLYN,40.688207,-73.94633
		239862532,01/29/2022,BROOKLYN,40.656813,-73.954809
		251568722,09/25/2022,MANHATTAN,40.852038,-73.931745
		244430640,05/01/2022,BRONX,40.822248,-73.920102
		246416611,06/09/2022,BRONX,40.846474,-73.893852
		246884942,06/20/2022,MANHATTAN,40.8009303727402,-73.9410982410066
		242603165,03/24/2022,BROOKLYN,40.576947,-74.002691
		243175384,04/06/2022,BRONX,40.8103518634571,-73.924942325642
		250858391,09/09/2022,BRONX,40.861764,-73.857644
		249910517,08/20/2022,QUEENS,40.70293311,-73.78517201
		243066381,04/03/2022,BROOKLYN,40.670658,-73.875644
		240547210,02/13/2022,MANHATTAN,40.802758,-73.9386
		244663902,05/05/2022,BROOKLYN,40.638158,-73.968473
		244546027,05/03/2022,BROOKLYN,40.701399,-73.983806
		242268292,03/17/2022,BROOKLYN,40.667621,-73.896254
		248390240,07/22/2022,QUEENS,40.755434,-73.943421
		239123816,01/13/2022,BROOKLYN,40.644458,-73.90854
		242017514,03/12/2022,BRONX,40.830465,-73.861914
		250249866,08/27/2022,BROOKLYN,40.572196,-73.994815
		238853878,01/07/2022,BROOKLYN,40.663769,-73.865202
		244106024,04/24/2022,BROOKLYN,40.677966,-73.892125
		242960374,04/01/2022,QUEENS,40.662351,-73.768283
		239583450,01/22/2022,MANHATTAN,40.826743,-73.952273
		248145612,07/15/2022,QUEENS,40.59305673,-73.77531756
		248440041,07/23/2022,BRONX,40.831862,-73.901769
		244720538,05/07/2022,QUEENS,40.695539,-73.761625
		244818448,05/09/2022,QUEENS,40.708721,-73.898228
		245106715,05/14/2022,BRONX,40.813208,-73.916848
		246212285,06/06/2022,STATEN ISLAND,40.647119,-74.088178
		238855053,01/08/2022,BROOKLYN,40.657933,-73.914552
		243746551,04/15/2022,BROOKLYN,40.680844,-73.922352
		244002810,04/21/2022,MANHATTAN,40.81591307653,-73.9451493066481
		251164800,09/15/2022,QUEENS,40.717072,-73.819036
		245121729,05/16/2022,MANHATTAN,40.711331,-73.992223
		240208324,02/05/2022,BROOKLYN,40.661361,-73.906205
		249623006,08/15/2022,BROOKLYN,40.64094117,-73.96050106
		238853876,01/07/2022,BRONX,40.832347,-73.898544
		248475872,07/24/2022,BRONX,40.836708,-73.840521
		247172991,06/25/2022,BROOKLYN,40.689129,-73.931787
		241681117,03/06/2022,BROOKLYN,40.617425,-73.931167
		248157399,07/17/2022,BROOKLYN,40.6625545,-73.9089197
		244914823,05/11/2022,BRONX,40.83742538,-73.92036405
		243175386,04/06/2022,BRONX,40.866506,-73.852855
		247492010,07/02/2022,BRONX,40.820609,-73.914786
		248435789,07/23/2022,MANHATTAN,40.786582,-73.940798
		241729339,03/07/2022,BROOKLYN,40.58262,-73.986223
		248015870,07/14/2022,BRONX,40.83501224,-73.91205887
		239930942,01/31/2022,BROOKLYN,40.610023,-73.922165
		240529312,02/12/2022,BRONX,40.866279,-73.886199
		241325830,02/27/2022,BROOKLYN,40.6711300016904,-73.9135020552048
		246172373,06/06/2022,QUEENS,40.694484,-73.902183
		246141371,06/05/2022,BRONX,40.84020924,-73.91014378
		248602152,07/26/2022,QUEENS,40.668604,-73.759252
		249910516,08/20/2022,MANHATTAN,40.78756,-73.943129
		241440065,03/01/2022,MANHATTAN,40.802083,-73.936999
		248824220,07/30/2022,BROOKLYN,40.675197,-73.961628
		250109554,08/24/2022,MANHATTAN,40.834711,-73.942543
		245824161,05/29/2022,BROOKLYN,40.651036,-73.945238
		244219631,04/26/2022,QUEENS,40.700122,-73.75424
		243566422,04/12/2022,BRONX,40.884161,-73.849079
		241681116,03/06/2022,BROOKLYN,40.6711300016904,-73.9135020552048
		247501142,07/03/2022,BRONX,40.843031,-73.917122
		247542572,07/04/2022,BROOKLYN,40.667984,-73.861
		247780854,07/08/2022,BROOKLYN,40.67058184,-73.93095247
		251391939,09/21/2022,STATEN ISLAND,40.612606,-74.083121
		243566884,04/12/2022,BRONX,40.86658962,-73.86832754
		244335706,04/28/2022,QUEENS,40.681071,-73.788718
		242235524,03/17/2022,BROOKLYN,40.657829,-73.92302
		245820991,05/28/2022,MANHATTAN,40.764711,-73.989914
		245173597,05/16/2022,BRONX,40.822374,-73.896369
		244763695,05/07/2022,MANHATTAN,40.79025281,-73.94563486
		242882170,03/30/2022,MANHATTAN,40.7163099917327,-73.9831660136947
		246530276,06/12/2022,MANHATTAN,40.79763944,-73.93126854
		247460144,07/02/2022,MANHATTAN,40.753493,-73.990661
		245857701,05/30/2022,BRONX,40.820498,-73.894911
		247956729,07/13/2022,BRONX,40.858051,-73.899585
		249623005,08/15/2022,QUEENS,40.680112,-73.79198
		238861986,01/09/2022,MANHATTAN,40.798285,-73.94082
		251570400,09/25/2022,BRONX,40.868923,-73.902772
		247943480,07/12/2022,BROOKLYN,40.666038,-73.906938
		248556618,07/26/2022,BRONX,40.881709,-73.862145
		239993408,02/01/2022,BROOKLYN,40.639549,-73.893941
		238853875,01/07/2022,BRONX,40.803799,-73.915795
		243630081,04/13/2022,QUEENS,40.69932415739,-73.831570887672
		240031205,02/02/2022,BRONX,40.82529,-73.820693
		240174759,02/05/2022,BROOKLYN,40.596076,-73.939603
		249921923,08/21/2022,BROOKLYN,40.675882,-73.938805
		241439424,03/01/2022,BRONX,40.821226,-73.87273
		239889274,01/30/2022,MANHATTAN,40.800987,-73.953221
		242551329,03/23/2022,BROOKLYN,40.591112,-73.978279
		249910515,08/20/2022,QUEENS,40.59588835,-73.76385375
		249517586,08/12/2022,BRONX,40.832733,-73.92187
		250218568,08/26/2022,QUEENS,40.74921,-73.868941
		247407054,06/30/2022,BRONX,40.855686,-73.892316
		246652171,06/15/2022,BRONX,40.84297,-73.914577
		248783826,07/29/2022,BROOKLYN,40.677017,-73.901694
		251665190,09/27/2022,BRONX,40.821729,-73.892866
		246769433,06/16/2022,MANHATTAN,40.7193,-73.992389
		248893549,08/01/2022,QUEENS,40.596248,-73.797515
		251620937,09/26/2022,BROOKLYN,40.69758364,-73.94964853
		239552853,01/22/2022,BRONX,40.804292,-73.909401
		243252505,04/09/2022,BROOKLYN,40.659445,-73.931204
		249864778,08/19/2022,BROOKLYN,40.62285974,-74.02534566
		245106716,05/14/2022,BRONX,40.828648,-73.92323
		249169655,08/07/2022,BROOKLYN,40.656898,-73.88509
		249207672,08/08/2022,MANHATTAN,40.777638,-73.982369
		243253986,04/09/2022,MANHATTAN,40.840472,-73.940202
		241030309,02/21/2022,BRONX,40.821301,-73.822195
		245384614,05/16/2022,BRONX,40.875687,-73.801857
		248104661,07/15/2022,BRONX,40.82597381,-73.9156299
		247200774,06/26/2022,BROOKLYN,40.68072,-73.979174
		250299603,08/29/2022,QUEENS,40.710631,-73.800093
		248321974,07/20/2022,STATEN ISLAND,40.616823,-74.102617
		242723694,03/26/2022,QUEENS,40.600538,-73.75808
		240208841,02/05/2022,BROOKLYN,40.703499,-73.920029
		248668760,07/27/2022,BRONX,40.85403,-73.884044
		246884942,06/20/2022,MANHATTAN,40.8009303727402,-73.9410982410066
		244219633,04/26/2022,MANHATTAN,40.800405,-73.950864
		246769431,06/16/2022,BROOKLYN,40.694256,-73.932807
		250897909,09/10/2022,QUEENS,40.7376829,-73.85204816
		241681118,03/06/2022,BRONX,40.880193,-73.83814
		246985877,06/21/2022,MANHATTAN,40.811743,-73.950861
		251361930,09/20/2022,MANHATTAN,40.80072072,-73.95063603
		246769433,06/16/2022,MANHATTAN,40.7193,-73.992389
		244608249,05/05/2022,MANHATTAN,40.754692,-73.9935
		248501023,07/25/2022,BROOKLYN,40.58097687,-74.00401402
		247492010,07/02/2022,BRONX,40.820609,-73.914786
		238860704,01/09/2022,BRONX,40.84286291,-73.89347513
		246769429,06/16/2022,BRONX,40.823935,-73.917485
		247492011,07/02/2022,QUEENS,40.699576,-73.82169
		238654996,01/04/2022,MANHATTAN,40.78324782,-73.9447234
		242882171,03/30/2022,MANHATTAN,40.78845,-73.939372
		250249866,08/27/2022,BROOKLYN,40.572196,-73.994815
		244106023,04/23/2022,BRONX,40.8445883,-73.90484654
		248388591,07/22/2022,BROOKLYN,40.687724,-73.937489
		245134160,05/16/2022,MANHATTAN,40.864612,-73.919204
		249073139,08/04/2022,BROOKLYN,40.594115,-73.997577
		239889275,01/28/2022,BRONX,40.904861,-73.850599
		246530275,06/11/2022,BRONX,40.84390423,-73.89464086
		245134159,05/16/2022,MANHATTAN,40.76280983,-73.99316654
		244513744,05/03/2022,BRONX,40.853645,-73.906891
		240986903,02/18/2022,BRONX,40.840667,-73.921704
		247542080,07/04/2022,BROOKLYN,40.668679,-73.873306
		250584476,09/04/2022,BROOKLYN,40.656911,-73.904087
		247200781,06/25/2022,QUEENS,40.672281,-73.809201
		246876576,06/19/2022,BRONX,40.84990005,-73.90917644
		239347884,01/18/2022,MANHATTAN,40.796382,-73.964958
		240542922,02/12/2022,BRONX,40.8873136344706,-73.8472717577564
		239554468,01/22/2022,BROOKLYN,40.6486135510607,-73.9052572032302
		247738840,07/08/2022,BRONX,40.863216,-73.890408
		246919437,06/20/2022,MANHATTAN,40.811123,-73.936714
		240321243,02/08/2022,MANHATTAN,40.8084177460021,-73.9524740603515
		243788458,04/17/2022,BRONX,40.880398,-73.863884
		246652172,06/15/2022,QUEENS,40.6734,-73.756691
		240321242,02/08/2022,BRONX,40.844251,-73.881062
		248540227,07/25/2022,BROOKLYN,40.665436,-73.951612
		244590017,05/04/2022,BRONX,40.83706523,-73.88682041
		242116699,03/15/2022,BRONX,40.846626,-73.909106
		239583450,01/22/2022,MANHATTAN,40.826743,-73.952273
		243566417,04/12/2022,BROOKLYN,40.6581577535544,-74.0004411548878
		249193491,08/07/2022,BRONX,40.83577,-73.918934
		239835767,01/28/2022,BROOKLYN,40.665017,-73.95711
		244660701,05/05/2022,BROOKLYN,40.697196,-73.935615
		243566421,04/12/2022,BROOKLYN,40.637524,-73.907962
		244726795,05/06/2022,BROOKLYN,40.656968,-73.90846
		247779493,07/08/2022,QUEENS,40.67816786,-73.74649498
		247880836,07/11/2022,MANHATTAN,40.864752,-73.922825
		250551052,09/02/2022,BROOKLYN,40.728417,-73.944962
		240542920,02/13/2022,BRONX,40.844372,-73.886691
		244608249,05/05/2022,MANHATTAN,40.754692,-73.9935
		249131141,08/05/2022,QUEENS,40.694097,-73.80336
		244102489,04/24/2022,MANHATTAN,40.80985,-73.937644
		248435801,07/23/2022,QUEENS,40.757826,-73.919931
		250250607,08/27/2022,BRONX,40.852951,-73.903178
		250605938,09/04/2022,BROOKLYN,40.663876,-73.996114
		245471211,05/21/2022,BRONX,40.874128,-73.901621
		239555390,01/23/2022,BROOKLYN,40.6713598203364,-73.8818110231735
		241640926,03/05/2022,STATEN ISLAND,40.6231883776008,-74.1492376947323
		248893549,08/01/2022,QUEENS,40.596248,-73.797515
		251164802,09/15/2022,BRONX,40.864322,-73.866377
		242017513,03/12/2022,MANHATTAN,40.727772,-74.004299
		242639155,03/25/2022,BRONX,40.812837,-73.921971
		246707470,06/15/2022,BROOKLYN,40.689322,-73.949679
		251164801,09/15/2022,BRONX,40.837124,-73.900267
		244442195,05/01/2022,BROOKLYN,40.684336,-73.927847
		241506489,03/02/2022,MANHATTAN,40.865582,-73.92219
		247725967,07/07/2022,BROOKLYN,40.639779,-73.951792
		248157447,07/17/2022,MANHATTAN,40.8013326,-73.9501877
		243035841,04/03/2022,BRONX,40.854684,-73.885804
		246768856,06/16/2022,BRONX,40.825109,-73.86841
		240208840,02/06/2022,BRONX,40.905479,-73.848451
		244155418,04/25/2022,QUEENS,40.7072398161698,-73.7927267255908
		244430638,04/30/2022,BROOKLYN,40.62246,-73.927252
		247502495,07/03/2022,BRONX,40.827964,-73.850116
		247542571,07/04/2022,BRONX,40.854402,-73.88233
		248104662,07/15/2022,STATEN ISLAND,40.614774,-74.083046
		242375568,03/19/2022,QUEENS,40.6901,-73.825477
		248321975,07/20/2022,BRONX,40.842796,-73.897076
		251391939,09/21/2022,STATEN ISLAND,40.612606,-74.083121
		243143907,04/05/2022,BRONX,40.85251,-73.917727
		246487636,06/10/2022,BROOKLYN,40.696104,-73.952707
		249623757,08/15/2022,QUEENS,40.609773,-73.750609
		245723019,05/26/2022,BRONX,40.842658,-73.888947
		243115070,04/04/2022,BROOKLYN,40.638659,-74.022462
		247600082,07/05/2022,BROOKLYN,40.665017,-73.95711
		246212282,06/06/2022,BROOKLYN,40.658109,-73.946302
		245666455,05/25/2022,BROOKLYN,40.66628,-73.874814
		244106023,04/23/2022,BRONX,40.8445883,-73.90484654
		249705032,08/17/2022,BRONX,40.852834,-73.884172
		245824483,05/29/2022,BROOKLYN,40.66729,-73.909161
		244970465,05/12/2022,BRONX,40.865114,-73.888498
		244430639,05/01/2022,MANHATTAN,40.798961,-73.943488
		248501024,07/25/2022,QUEENS,40.768139,-73.910433
		248150601,07/17/2022,BROOKLYN,40.667127,-73.866977
		247366022,06/30/2022,MANHATTAN,40.813343,-73.946995
		246652133,06/14/2022,QUEENS,40.784873,-73.846284
		240254036,02/07/2022,BRONX,40.804487,-73.914084
		246876575,06/19/2022,QUEENS,40.672544,-73.843226
		246876580,06/18/2022,BRONX,40.833263,-73.912572
		243507199,04/11/2022,BROOKLYN,40.636479,-73.919068
		246919965,06/20/2022,BRONX,40.821273,-73.917418
		244095297,04/23/2022,QUEENS,40.69648,-73.900186
		243251040,04/09/2022,BROOKLYN,40.676019,-73.948531
		249559964,08/13/2022,MANHATTAN,40.801108,-73.952532
		248783825,07/29/2022,BROOKLYN,40.597113,-73.941249
		249562077,08/13/2022,MANHATTAN,40.810515,-73.93525
		238531160,01/01/2022,MANHATTAN,40.757421,-73.997079
		241729341,03/07/2022,BRONX,40.852004,-73.922496
		247492011,07/02/2022,QUEENS,40.699576,-73.82169
		243115069,04/04/2022,BRONX,40.861561,-73.898206
		240256033,02/07/2022,QUEENS,40.693055,-73.757298
		239279571,01/16/2022,MANHATTAN,40.8009303727402,-73.9410982410066
		250864172,09/09/2022,BRONX,40.858757,-73.864651
		251103212,09/14/2022,QUEENS,40.67603833,-73.79034193
		249073137,08/04/2022,BROOKLYN,40.72253462,-73.95934514
		240863512,02/17/2022,QUEENS,40.6027762300781,-73.7501173648331
		249573854,08/14/2022,MANHATTAN,40.813585,-73.949347
		245121729,05/16/2022,MANHATTAN,40.711331,-73.992223
		246153131,06/04/2022,BROOKLYN,40.663437,-73.897563
		241681628,03/06/2022,BROOKLYN,40.591432,-73.981799
		247880313,07/11/2022,BROOKLYN,40.669185,-73.905249
		246359110,06/08/2022,BRONX,40.859328,-73.902206
		251570398,09/24/2022,BROOKLYN,40.660416,-73.897748
		248893548,08/01/2022,BROOKLYN,40.679914,-73.940768
		247943981,07/12/2022,BRONX,40.894627,-73.858395
		246919438,06/20/2022,QUEENS,40.726998,-73.89357
		243312639,04/10/2022,BROOKLYN,40.694243,-73.976018
		251568720,09/25/2022,QUEENS,40.7428752,-73.93393779
		238998455,01/11/2022,BROOKLYN,40.657926,-73.92079
		246139914,06/04/2022,MANHATTAN,40.865582,-73.92219
		242439531,03/21/2022,MANHATTAN,40.803278,-73.946662
		245857699,05/30/2022,MANHATTAN,40.826939,-73.93892
		247290300,06/28/2022,BRONX,40.824684,-73.860868
		248485946,07/23/2022,MANHATTAN,40.807698,-73.947398
		250216145,08/27/2022,BRONX,40.837683,-73.910994
		245441312,05/20/2022,MANHATTAN,40.829956,-73.936699
		244442668,04/29/2022,MANHATTAN,40.72278,-73.981345
		240174760,02/05/2022,QUEENS,40.6027762300781,-73.7501173648331
		241569061,03/03/2022,QUEENS,40.69629,-73.744088
		250635400,09/05/2022,BROOKLYN,40.59742,-73.938412
		242572280,03/24/2022,QUEENS,40.597992,-73.760014
		241233404,02/10/2022,BRONX,40.8229123084767,-73.8700413043181
		242393285,03/18/2022,BRONX,40.877843,-73.864288
		242046761,03/13/2022,MANHATTAN,40.811804,-73.954903
		248785654,07/30/2022,BRONX,40.89544907,-73.88001135
		241639365,03/05/2022,MANHATTAN,40.7568201683051,-73.9711432633524
		251309859,09/19/2022,MANHATTAN,40.832686,-73.93967743
		244715995,05/06/2022,BROOKLYN,40.694456,-73.934343
		243115068,04/04/2022,BRONX,40.875161,-73.909056
		247552397,07/05/2022,BRONX,40.825849,-73.870821
		239212995,01/16/2022,BRONX,40.8828621313214,-73.9035744897024
		245281702,05/18/2022,BRONX,40.81721463,-73.93094485
		251690447,09/27/2022,MANHATTAN,40.81444,-73.940612
		251681401,09/27/2022,BROOKLYN,40.685978,-73.923324
		245665379,05/25/2022,BROOKLYN,40.590866,-73.984149
		246530273,06/12/2022,BRONX,40.832615,-73.883914
		251103860,09/14/2022,BROOKLYN,40.660475,-73.881297
		242815275,03/29/2022,BROOKLYN,40.696522,-73.939249
		247880311,07/11/2022,BROOKLYN,40.652667,-73.896736
		244726795,05/06/2022,BROOKLYN,40.656968,-73.90846
		245857697,05/30/2022,QUEENS,40.685406,-73.815295
		246153130,06/05/2022,BRONX,40.84098,-73.882149
		251519082,09/23/2022,QUEENS,40.681924,-73.733439
		243566423,04/12/2022,BRONX,40.845658,-73.883806
		241326152,02/27/2022,MANHATTAN,40.815057,-73.935946
		238855054,01/08/2022,BRONX,40.846629,-73.91605
		249864969,08/20/2022,BROOKLYN,40.717008,-73.938152
		251276894,09/18/2022,QUEENS,40.747153,-73.869859
		242382896,03/19/2022,QUEENS,40.709501,-73.767502
		250503797,09/01/2022,MANHATTAN,40.7342,-73.989341
		246109874,06/04/2022,MANHATTAN,40.809638,-73.942015
		251103213,09/14/2022,BRONX,40.894872,-73.882173
		244279285,04/27/2022,QUEENS,40.737162,-73.78493
		247502494,07/03/2022,MANHATTAN,40.721994,-73.993394
		247150268,06/24/2022,BROOKLYN,40.67982,-73.881764
		242667373,03/25/2022,QUEENS,40.7603961392658,-73.7675025349456
		251583517,09/25/2022,BROOKLYN,40.679236,-73.886871
		240174262,02/05/2022,BRONX,40.831692,-73.861045
		249233454,08/08/2022,QUEENS,40.747826,-73.876604
		243566417,04/12/2022,BROOKLYN,40.6581577535544,-74.0004411548878
		251813842,09/29/2022,MANHATTAN,40.805388,-73.937736
		247524805,07/04/2022,BROOKLYN,40.701467,-73.920853
		250583385,09/03/2022,BROOKLYN,40.672423,-73.915472
		249517587,08/13/2022,BROOKLYN,40.683652,-73.868441
		238592450,01/03/2022,BRONX,40.832551,-73.930574
		246359108,06/08/2022,BRONX,40.873484,-73.883235
		246416611,06/09/2022,BRONX,40.846474,-73.893852
		248475916,07/24/2022,BROOKLYN,40.665017,-73.95711
		242017512,03/11/2022,BRONX,40.879,-73.86462
		240438094,02/10/2022,BROOKLYN,40.658126,-73.916026
		247458829,07/01/2022,BROOKLYN,40.664694,-73.867333
		250226334,08/27/2022,MANHATTAN,40.81666199,-73.93899107
		241569061,03/03/2022,QUEENS,40.69629,-73.744088
		249812850,08/18/2022,BRONX,40.86321261,-73.86742317
		246884942,06/20/2022,MANHATTAN,40.8009303727402,-73.9410982410066
		249182350,08/07/2022,BRONX,40.872327,-73.867127
		243507200,04/11/2022,QUEENS,40.601493,-73.753555
		244106024,04/24/2022,BROOKLYN,40.677966,-73.892125
		246769428,06/16/2022,QUEENS,40.761665,-73.938595
		250682060,09/06/2022,BROOKLYN,40.701477,-73.94442
		245491990,05/22/2022,BROOKLYN,40.67779,-73.937242
		248390241,07/22/2022,BRONX,40.839633,-73.904964
		245899806,05/31/2022,BROOKLYN,40.67505347,-73.94722849
		247542077,07/04/2022,MANHATTAN,40.724401,-73.999856
		247188618,06/26/2022,BROOKLYN,40.657785,-73.88304
		248424288,07/22/2022,BROOKLYN,40.698695,-73.939859
		242092030,03/14/2022,QUEENS,40.68732381,-73.83524522
		245820992,05/28/2022,QUEENS,40.703379,-73.787338
		243143906,04/05/2022,MANHATTAN,40.861107,-73.926086
		244442192,05/01/2022,QUEENS,40.732054,-73.813346
		245106711,05/15/2022,BRONX,40.819019,-73.898391
		245824157,05/29/2022,MANHATTAN,40.792617,-73.95023
		243433247,04/08/2022,BRONX,40.819542,-73.911486
		239862531,01/28/2022,BRONX,40.8222710411331,-73.911697780277
		246162765,06/05/2022,BRONX,40.90316242,-73.84598587
		238855053,01/08/2022,BROOKLYN,40.657933,-73.914552
		247100194,06/23/2022,MANHATTAN,40.800244,-73.940436
		250963367,09/12/2022,QUEENS,40.762296,-73.841919
		243767114,04/15/2022,BROOKLYN,40.678058,-73.942283
		247836776,07/10/2022,BRONX,40.90204439,-73.85155206
		241930892,03/10/2022,BROOKLYN,40.67081,-73.935107
		249573855,08/14/2022,BROOKLYN,40.676006,-73.904794
		243767115,04/16/2022,QUEENS,40.764613,-73.833362
		246250740,06/07/2022,QUEENS,40.70206,-73.749741
		247943478,07/12/2022,BROOKLYN,40.667381,-73.908225
		245857698,05/30/2022,BROOKLYN,40.668621,-73.904627
		239993170,02/01/2022,MANHATTAN,40.789323,-73.946316
		246536858,06/13/2022,QUEENS,40.750567,-73.941772
		245665380,05/25/2022,BROOKLYN,40.656574,-73.931405
		243828714,04/18/2022,BROOKLYN,40.66576,-73.908802
		250979223,09/13/2022,BRONX,40.830524,-73.867956
		241569427,03/03/2022,BRONX,40.902269,-73.847859
		246884942,06/20/2022,MANHATTAN,40.8009303727402,-73.9410982410066
		243251040,04/09/2022,BROOKLYN,40.676019,-73.948531
		250280353,08/27/2022,BROOKLYN,40.656898,-73.88509
		240254036,02/07/2022,BRONX,40.804487,-73.914084
		247133911,06/24/2022,MANHATTAN,40.801003,-73.945161
		241930890,03/10/2022,BROOKLYN,40.660508,-73.925391
		248109546,07/16/2022,BRONX,40.86788073,-73.89942603
		251568719,09/24/2022,BROOKLYN,40.690991,-73.93515
		250109554,08/24/2022,MANHATTAN,40.834711,-73.942543
		239123816,01/13/2022,BROOKLYN,40.644458,-73.90854
		240547209,02/11/2022,BRONX,40.8535983673823,-73.9005768807295
		242928614,03/31/2022,BROOKLYN,40.6488507469884,-73.951016510623
		242393700,03/19/2022,BRONX,40.842821,-73.925492
		244106024,04/24/2022,BROOKLYN,40.677966,-73.892125
		249978890,08/23/2022,MANHATTAN,40.822332,-73.936708
		238998456,01/11/2022,MANHATTAN,40.760149,-73.983952
		242928611,03/31/2022,BRONX,40.832218,-73.906377
		243433247,04/08/2022,BRONX,40.819542,-73.911486
		246824176,06/17/2022,BROOKLYN,40.65231392,-73.9560111
		247290299,06/28/2022,BRONX,40.840092,-73.915558
		247686029,07/07/2022,BROOKLYN,40.621234,-74.025789
		242669571,03/25/2022,BROOKLYN,40.660526,-73.911814
		245419159,05/20/2022,BROOKLYN,40.63158175,-73.94754388
		251582994,09/24/2022,BRONX,40.813528,-73.884787
		239811555,01/27/2022,BROOKLYN,40.665032,-73.953738
		247200776,06/26/2022,BROOKLYN,40.669828,-73.914691
		244442193,05/01/2022,QUEENS,40.732918,-73.814859
		249379923,08/10/2022,QUEENS,40.70334171,-73.80020318
		247290301,06/28/2022,BROOKLYN,40.683161,-73.983395
		238532487,01/01/2022,MANHATTAN,40.794086,-73.936809
		247172991,06/25/2022,BROOKLYN,40.689129,-73.931787
		251391939,09/21/2022,STATEN ISLAND,40.612606,-74.083121
		249519378,08/12/2022,BROOKLYN,40.640255,-73.944083
		247542571,07/04/2022,BRONX,40.854402,-73.88233
		245019505,05/13/2022,BROOKLYN,40.708106,-73.965133
		240321668,02/08/2022,BROOKLYN,40.638196,-73.913105
		247200780,06/26/2022,MANHATTAN,40.813254,-73.951546
		244219632,04/26/2022,MANHATTAN,40.81591307653,-73.9451493066481
		251475264,09/22/2022,BROOKLYN,40.676224,-74.006944
		246250739,06/07/2022,QUEENS,40.74929877,-73.89757673
		241880795,03/10/2022,BRONX,40.888763,-73.858246
		251519081,09/23/2022,QUEENS,40.67956101,-73.89889884
		243566417,04/12/2022,BROOKLYN,40.6581577535544,-74.0004411548878
		242377361,03/19/2022,QUEENS,40.755607,-73.884903
		244251567,04/27/2022,BROOKLYN,40.676683,-73.889929
		242671714,03/25/2022,BRONX,40.885533,-73.853323
		247665067,07/06/2022,QUEENS,40.676998,-73.790807
		244546027,05/03/2022,BROOKLYN,40.701399,-73.983806
		247542572,07/04/2022,BROOKLYN,40.667984,-73.861
		242158428,03/15/2022,BRONX,40.825285,-73.917538
		240438093,02/10/2022,BRONX,40.862158,-73.890743
		247784016,07/09/2022,BROOKLYN,40.642851,-73.958581
		246050357,06/02/2022,BROOKLYN,40.670162,-73.903108
		247784017,07/09/2022,BROOKLYN,40.657877,-73.91354
		242654513,03/25/2022,BRONX,40.899346,-73.856595
		250249866,08/27/2022,BROOKLYN,40.572196,-73.994815
		250249866,08/27/2022,BROOKLYN,40.572196,-73.994815
		244030062,04/22/2022,BROOKLYN,40.675608,-73.926656
		246162766,06/05/2022,MANHATTAN,40.824898,-73.947852
		240227794,01/24/2022,BRONX,40.857424,-73.846572
		250922919,09/11/2022,BROOKLYN,40.640407,-73.949435
		250325740,08/29/2022,BROOKLYN,40.673044,-73.943244
		245121729,05/16/2022,MANHATTAN,40.711331,-73.992223
		239930939,01/31/2022,BRONX,40.834751,-73.927388
		245472747,05/22/2022,BRONX,40.812117,-73.910273
		248836927,07/31/2022,BRONX,40.843537,-73.911821
		248477773,07/23/2022,BRONX,40.821562,-73.918498
		244818448,05/09/2022,QUEENS,40.708721,-73.898228
		240761583,02/16/2022,BRONX,40.885687,-73.831251
		238998457,01/11/2022,QUEENS,40.75203639,-73.94272089
		248435789,07/23/2022,MANHATTAN,40.786582,-73.940798
		241681117,03/06/2022,BROOKLYN,40.617425,-73.931167
		245931917,06/01/2022,BROOKLYN,40.655632,-73.911539
		242833882,03/29/2022,MANHATTAN,40.814706,-73.942277
		239552853,01/22/2022,BRONX,40.804292,-73.909401
		247820057,07/10/2022,BROOKLYN,40.57200642,-73.98931656
		249978889,08/23/2022,BROOKLYN,40.693229,-73.972367
		242603165,03/24/2022,BROOKLYN,40.576947,-74.002691
		246881841,06/20/2022,BROOKLYN,40.658372,-73.886184
		245899807,05/31/2022,BRONX,40.806231,-73.918204
		251309858,09/19/2022,BROOKLYN,40.66050949,-73.96281426
		246416611,06/09/2022,BRONX,40.846474,-73.893852
		241642383,03/04/2022,BROOKLYN,40.674597,-73.905533
		243129654,04/05/2022,BRONX,40.88003,-73.862364
		249559965,08/13/2022,MANHATTAN,40.794443,-73.94258
		244663902,05/05/2022,BROOKLYN,40.638158,-73.968473
		242393702,03/20/2022,QUEENS,40.770724,-73.833724
		243566884,04/12/2022,BRONX,40.86658962,-73.86832754
		250049985,08/23/2022,QUEENS,40.674323,-73.789208
		246769434,06/16/2022,BROOKLYN,40.700503,-73.94154
		245281484,05/18/2022,MANHATTAN,40.826315,-73.939375
		239583450,01/22/2022,MANHATTAN,40.826743,-73.952273
		247501140,07/02/2022,QUEENS,40.676179,-73.775862
		247542078,07/04/2022,QUEENS,40.69683337,-73.74445858
		239123816,01/13/2022,BROOKLYN,40.644458,-73.90854
		251418679,09/21/2022,BROOKLYN,40.666223,-73.922536
		249915894,08/21/2022,BROOKLYN,40.6735884,-73.96295477
		239811556,01/27/2022,BRONX,40.873981,-73.874363
		238555659,01/02/2022,BROOKLYN,40.690747,-73.956814
		247943980,07/12/2022,BROOKLYN,40.67805,-73.913572
		249133816,08/05/2022,QUEENS,40.772921,-73.933414
		239414355,01/19/2022,QUEENS,40.678962,-73.82676
		244663901,05/05/2022,BRONX,40.833567,-73.861118
		246550685,06/13/2022,QUEENS,40.688883,-73.817347
		248475917,07/23/2022,QUEENS,40.74930759,-73.86140607
		247542571,07/04/2022,BRONX,40.854402,-73.88233
		250714424,09/07/2022,QUEENS,40.7169248,-73.98321491
		246825728,06/18/2022,MANHATTAN,40.81020941,-73.9394955
		248205242,07/18/2022,MANHATTAN,40.741928,-73.993512
		244590017,05/04/2022,BRONX,40.83706523,-73.88682041
		244817581,05/09/2022,BROOKLYN,40.675719,-73.921496
		243688123,04/14/2022,BROOKLYN,40.574619,-73.99197
		244660701,05/05/2022,BROOKLYN,40.697196,-73.935615
		245494319,05/21/2022,BROOKLYN,40.59742,-73.938412
		246104595,06/03/2022,BRONX,40.820137,-73.892278
		246050356,06/02/2022,BRONX,40.8564035,-73.90729864
		239993410,02/01/2022,QUEENS,40.5859433449759,-73.8161019228725
		244863371,05/10/2022,BRONX,40.839198,-73.901329
		238930135,01/10/2022,BRONX,40.840101,-73.921363
		248540226,07/25/2022,BROOKLYN,40.657557,-73.954888
		251216080,09/17/2022,BROOKLYN,40.634386,-73.941524
		244279285,04/27/2022,QUEENS,40.737162,-73.78493
		250325741,08/29/2022,BRONX,40.821302,-73.904623
		247290300,06/28/2022,BRONX,40.824684,-73.860868
		245466214,05/22/2022,BROOKLYN,40.656911,-73.904087
		249207672,08/08/2022,MANHATTAN,40.777638,-73.982369
		242439530,03/21/2022,BROOKLYN,40.701026,-73.928311
		244066404,04/23/2022,BROOKLYN,40.6894642952604,-73.9240290899499
		243330034,04/10/2022,MANHATTAN,40.7160120119955,-73.9973320301008
		249131140,08/05/2022,STATEN ISLAND,40.6368328,-74.13820899
		242572280,03/24/2022,QUEENS,40.597992,-73.760014
		242046759,03/12/2022,MANHATTAN,40.719373,-74.000231
		250044143,08/23/2022,BRONX,40.85044,-73.885123
		243630079,04/13/2022,BROOKLYN,40.683291,-73.974852
		246902221,06/20/2022,STATEN ISLAND,40.641509,-74.083128
		250619957,09/05/2022,BROOKLYN,40.66978732,-73.91658449
		242373590,03/18/2022,BRONX,40.812515,-73.921193
		242015936,03/11/2022,BRONX,40.85433,-73.911806
		242223932,03/16/2022,BRONX,40.8229123084767,-73.8700413043181
		244442195,05/01/2022,BROOKLYN,40.684336,-73.927847
		251361931,09/20/2022,MANHATTAN,40.799522,-73.932838
		248435790,07/23/2022,MANHATTAN,40.853997,-73.930311
		247200781,06/25/2022,QUEENS,40.672281,-73.809201
		240321668,02/08/2022,BROOKLYN,40.638196,-73.913105
		238533195,01/01/2022,MANHATTAN,40.800896,-73.941011
		247502493,07/03/2022,BROOKLYN,40.653039,-73.919573
		242928614,03/31/2022,BROOKLYN,40.6488507469884,-73.951016510623
		241439424,03/01/2022,BRONX,40.821226,-73.87273
		242289684,03/18/2022,MANHATTAN,40.756161,-73.971561
		239630237,01/24/2022,MANHATTAN,40.840788,-73.938148
		241439423,03/01/2022,QUEENS,40.693469,-73.799968
		246530273,06/12/2022,BRONX,40.832615,-73.883914
		249003408,08/03/2022,BROOKLYN,40.657248,-73.906582
		250280354,08/27/2022,BROOKLYN,40.692334,-73.906973
		247542081,07/04/2022,MANHATTAN,40.798158,-73.950401
		247624843,07/06/2022,BROOKLYN,40.603499,-73.974098
		250866805,09/10/2022,BRONX,40.869914,-73.879052
		243143907,04/05/2022,BRONX,40.85251,-73.917727
		240863022,02/17/2022,BROOKLYN,40.680524,-73.915358
		240863021,02/17/2022,QUEENS,40.67734,-73.822681
		243566423,04/12/2022,BRONX,40.845658,-73.883806
		251568718,09/24/2022,MANHATTAN,40.802783,-73.939633
		251425735,09/21/2022,BROOKLYN,40.6763291,-73.86546213
		244487414,05/02/2022,BRONX,40.884487,-73.905598
		248540227,07/25/2022,BROOKLYN,40.665436,-73.951612
		244546028,05/03/2022,BROOKLYN,40.6969863,-73.93522383
		248668760,07/27/2022,BRONX,40.85403,-73.884044
		249530813,08/13/2022,QUEENS,40.663682,-73.765109
		244763694,05/07/2022,MANHATTAN,40.796412,-73.949555
		246571021,06/13/2022,BRONX,40.860455,-73.865559
		250123933,08/25/2022,BRONX,40.855122,-73.889239
		242641193,03/25/2022,QUEENS,40.707046,-73.769402
		250551052,09/02/2022,BROOKLYN,40.728417,-73.944962
		238885819,01/09/2022,BRONX,40.830694,-73.922037
		242047135,03/13/2022,BRONX,40.884422,-73.833002
		243699976,04/15/2022,QUEENS,40.744781,-73.898795
		244608249,05/05/2022,MANHATTAN,40.754692,-73.9935
		247099744,06/23/2022,QUEENS,40.587391,-73.812603
		244102489,04/24/2022,MANHATTAN,40.80985,-73.937644
		248377809,07/21/2022,BROOKLYN,40.658434,-73.909791
		241640926,03/05/2022,STATEN ISLAND,40.6231883776008,-74.1492376947323
		247492011,07/02/2022,QUEENS,40.699576,-73.82169
		238930136,01/10/2022,BRONX,40.8565767275976,-73.8438936779283
		247725968,07/07/2022,BROOKLYN,40.6765536,-73.86265324
		248322053,07/20/2022,BRONX,40.820006,-73.886973
		246876579,06/19/2022,BRONX,40.855644,-73.896141
		251681398,09/27/2022,MANHATTAN,40.809573,-73.949746
		240212364,02/07/2022,BRONX,40.86141,-73.907384
		251164802,09/15/2022,BRONX,40.864322,-73.866377
		239558694,01/23/2022,BRONX,40.83571,-73.851302
		249212585,08/08/2022,BROOKLYN,40.636301,-73.921462
		251225717,09/17/2022,BROOKLYN,40.590866,-73.984149
		245121729,05/16/2022,MANHATTAN,40.711331,-73.992223
		249193492,08/07/2022,QUEENS,40.65572597,-73.75129439
		245281701,05/18/2022,STATEN ISLAND,40.629779,-74.110715
		249478347,08/12/2022,BRONX,40.852367,-73.913523
		245281702,05/18/2022,BRONX,40.81721463,-73.93094485
		247502496,07/03/2022,BRONX,40.844568,-73.915305
		249171130,08/07/2022,BROOKLYN,40.652667,-73.896736
		244970464,05/12/2022,QUEENS,40.689014,-73.811429
		244513744,05/03/2022,BRONX,40.853645,-73.906891
		245232406,05/17/2022,BROOKLYN,40.697394,-73.951286
		245820993,05/29/2022,BROOKLYN,40.70165505,-73.9456458
		241326154,02/27/2022,BRONX,40.811712,-73.92597
		241326152,02/27/2022,MANHATTAN,40.815057,-73.935946
		251681399,09/27/2022,QUEENS,40.686807,-73.853567
		246996442,06/22/2022,BROOKLYN,40.680332,-73.930038
		245723500,05/26/2022,QUEENS,40.67868176,-73.79970022
		250503799,09/01/2022,BRONX,40.849831,-73.900789
		241265567,02/25/2022,MANHATTAN,40.795659,-73.935662
		249207672,08/08/2022,MANHATTAN,40.777638,-73.982369
		245899806,05/31/2022,BROOKLYN,40.67505347,-73.94722849
		248734127,07/28/2022,BRONX,40.8599882,-73.90407979
		251583515,09/25/2022,BRONX,40.808365,-73.914108
		240953547,02/18/2022,MANHATTAN,40.81591307653,-73.9451493066481
		242492005,03/22/2022,BRONX,40.876482,-73.839659
		247290298,06/28/2022,BRONX,40.86972,-73.854609
		244106023,04/23/2022,BRONX,40.8445883,-73.90484654
		251103213,09/14/2022,BRONX,40.894872,-73.882173
		245857699,05/30/2022,MANHATTAN,40.826939,-73.93892
		247943477,07/12/2022,BROOKLYN,40.664185,-73.926408
		245766299,05/28/2022,QUEENS,40.653767,-73.738093
		246769431,06/16/2022,BROOKLYN,40.694256,-73.932807
		246359111,06/08/2022,BRONX,40.806574,-73.922875
		241094823,02/22/2022,QUEENS,40.7044350296655,-73.8937807141634
		239555390,01/23/2022,BROOKLYN,40.6713598203364,-73.8818110231735
		245471213,05/21/2022,BRONX,40.837962,-73.885259
		243788458,04/17/2022,BRONX,40.880398,-73.863884
		250216145,08/27/2022,BRONX,40.837683,-73.910994
		246884942,06/20/2022,MANHATTAN,40.8009303727402,-73.9410982410066
		249379924,08/10/2022,BRONX,40.812633,-73.915093
		243738413,04/15/2022,BROOKLYN,40.64659,-73.925455
		241569061,03/03/2022,QUEENS,40.69629,-73.744088
		240174757,02/06/2022,BROOKLYN,40.689924,-73.937928
		242377360,03/19/2022,BRONX,40.83596882,-73.86999268
		243251040,04/09/2022,BROOKLYN,40.676019,-73.948531
		248855179,08/01/2022,BROOKLYN,40.647813,-73.961804
		243029305,04/02/2022,BROOKLYN,40.6713598203364,-73.8818110231735
		251681400,09/27/2022,STATEN ISLAND,40.642107,-74.080674
		240437680,02/10/2022,MANHATTAN,40.766533,-73.9923
		239207164,01/15/2022,QUEENS,40.684689,-73.781699
		242928611,03/31/2022,BRONX,40.832218,-73.906377
		251813841,09/29/2022,BRONX,40.813208,-73.916848
		239993170,02/01/2022,MANHATTAN,40.789323,-73.946316
		244002809,04/21/2022,BRONX,40.821812,-73.895871
		244016643,04/22/2022,BRONX,40.8694704770483,-73.8798608037303
		241284195,02/26/2022,BRONX,40.8378421209284,-73.9196277517392
		238555360,01/02/2022,BRONX,40.86383,-73.83369
		247460144,07/02/2022,MANHATTAN,40.753493,-73.990661
		240174758,02/06/2022,BRONX,40.843004,-73.886251
		250551053,09/02/2022,BROOKLYN,40.59837285,-73.98794037
		241030769,02/21/2022,QUEENS,40.696831,-73.783824
		242750970,03/27/2022,BROOKLYN,40.676388,-74.004922
		246372441,06/09/2022,BROOKLYN,40.68137727,-73.9077727
		244377525,04/29/2022,BROOKLYN,40.636478,-73.944639
		247880312,07/11/2022,BRONX,40.82755688,-73.91476069
		248661285,07/27/2022,BROOKLYN,40.667027,-73.871333
		242517445,03/16/2022,BRONX,40.848011,-73.884351
		239583960,01/23/2022,BRONX,40.881863,-73.879905
		248157448,07/17/2022,BRONX,40.833231,-73.890222
		244106024,04/24/2022,BROOKLYN,40.677966,-73.892125
		241930354,03/10/2022,BROOKLYN,40.634124,-73.902336
		242046758,03/13/2022,BROOKLYN,40.662923,-73.919703
		243630080,04/13/2022,MANHATTAN,40.795807,-73.937099
		246109874,06/04/2022,MANHATTAN,40.809638,-73.942015
		239123816,01/13/2022,BROOKLYN,40.644458,-73.90854
		250593633,09/04/2022,QUEENS,40.74185,-73.85069
		247349368,06/29/2022,BRONX,40.880092,-73.859665
		247129449,06/24/2022,MANHATTAN,40.82119,-73.943962
		248783825,07/29/2022,BROOKLYN,40.597113,-73.941249
		247600082,07/05/2022,BROOKLYN,40.665017,-73.95711
		241640926,03/05/2022,STATEN ISLAND,40.6231883776008,-74.1492376947323
		240986902,02/20/2022,BROOKLYN,40.679363,-73.912411
		248540223,07/25/2022,BROOKLYN,40.678448,-73.927951
		250250607,08/27/2022,BRONX,40.852951,-73.903178
		239888798,01/30/2022,BRONX,40.822057,-73.874812
		245824158,05/29/2022,BROOKLYN,40.664024,-73.909775
		242015938,03/11/2022,BROOKLYN,40.640559,-73.954766
		244106023,04/23/2022,BRONX,40.8445883,-73.90484654
		247492011,07/02/2022,QUEENS,40.699576,-73.82169
		242015937,03/11/2022,BROOKLYN,40.624308,-74.026242
		241094824,02/22/2022,QUEENS,40.6027762300781,-73.7501173648331
		239237445,01/15/2022,BROOKLYN,40.664121282631,-73.9477648403751
		248157399,07/17/2022,BROOKLYN,40.6625545,-73.9089197
		242287608,03/18/2022,BRONX,40.815318,-73.915863
		245134160,05/16/2022,MANHATTAN,40.864612,-73.919204
		246212283,06/06/2022,MANHATTAN,40.808619,-73.939598
